{"type":"FeatureCollection","name":"geography_regions","features":[{"type":"Feature","properties":{"NAME":"Pentecost","name_ko":"펜테코스트","featurecla":"Island","min_label":6.7},"geometry":{"type":"Point","coordinates":[168.1953125,-15.716747999999999]}},{"type":"Feature","properties":{"NAME":"Anatom","name_ko":"아네이튬섬","featurecla":"Island","min_label":6.7},"geometry":{"type":"Point","coordinates":[169.8168875,-20.193261999999997]}},{"type":"Feature","properties":{"NAME":"Gaua","name_ko":"가우아섬","featurecla":"Island","min_label":6.7},"geometry":{"type":"Point","coordinates":[167.501221,-14.226904000000001]}},{"type":"Feature","properties":{"NAME":"Vanikolo","name_ko":"바니콜로","featurecla":"Island","min_label":6.7},"geometry":{"type":"Point","coordinates":[166.838364,-11.6263185]}},{"type":"Feature","properties":{"NAME":"Adak","name_ko":"에이댁섬","featurecla":"Island","min_label":6.7},"geometry":{"type":"Point","coordinates":[-176.6994875,51.7878045]}},{"type":"Feature","properties":{"NAME":"Unimak I.","name_ko":"유니맥 아일랜드","featurecla":"Island","min_label":6.7},"geometry":{"type":"Point","coordinates":[-163.9936035,54.728978999999995]}},{"type":"Feature","properties":{"NAME":"Lanzarote","name_ko":"란사로테섬","featurecla":"Island","min_label":6.7},"geometry":{"type":"Point","coordinates":[-13.641798,29.041333]}},{"type":"Feature","properties":{"NAME":"Pemba I.","name_ko":"펨바섬","featurecla":"Island","min_label":6.7},"geometry":{"type":"Point","coordinates":[39.7582795,-5.1763435]}},{"type":"Feature","properties":{"NAME":"Mahé I.","name_ko":"마에섬","featurecla":"Island","min_label":6.7},"geometry":{"type":"Point","coordinates":[55.4656085,-4.6720885]}},{"type":"Feature","properties":{"NAME":"Mohéli","name_ko":"모헬리","featurecla":"Island","min_label":6.7},"geometry":{"type":"Point","coordinates":[43.745085,-12.307652000000001]}},{"type":"Feature","properties":{"NAME":"Mayotte","name_ko":"마요트","featurecla":"Island","min_label":6.7},"geometry":{"type":"Point","coordinates":[45.132861500000004,-12.818845]}},{"type":"Feature","properties":{"NAME":"Anjouan","name_ko":"앙주앙섬","featurecla":"Island","min_label":6.7},"geometry":{"type":"Point","coordinates":[44.373436,-12.213965]}},{"type":"Feature","properties":{"NAME":"Mafia I.","name_ko":"마피아섬","featurecla":"Island","min_label":6.7},"geometry":{"type":"Point","coordinates":[39.759052999999994,-7.820829]}},{"type":"Feature","properties":{"NAME":"Flores","name_ko":"플로레스섬","featurecla":"Island","min_label":6.7},"geometry":{"type":"Point","coordinates":[-31.2100425,39.439325499999995]}},{"type":"Feature","properties":{"NAME":"Pico","name_ko":"피쿠섬","featurecla":"Island","min_label":6.7},"geometry":{"type":"Point","coordinates":[-28.306811500000002,38.469151]}},{"type":"Feature","properties":{"NAME":"Terceira","name_ko":"테르세이라섬","featurecla":"Island","min_label":6.7},"geometry":{"type":"Point","coordinates":[-27.21394,38.718379]}},{"type":"Feature","properties":{"NAME":"Santa Maria","name_ko":"산타마리아섬","featurecla":"Island","min_label":6.7},"geometry":{"type":"Point","coordinates":[-25.112498000000002,36.982788]}},{"type":"Feature","properties":{"NAME":"Fogo","name_ko":"포구섬","featurecla":"Island","min_label":6.7},"geometry":{"type":"Point","coordinates":[-24.406543,14.928317]}},{"type":"Feature","properties":{"NAME":"São Nicolau","name_ko":"상니콜라우섬","featurecla":"Island","min_label":6.7},"geometry":{"type":"Point","coordinates":[-24.215522,16.58555]}},{"type":"Feature","properties":{"NAME":"Santo Antão","name_ko":"산투안탕섬","featurecla":"Island","min_label":6.7},"geometry":{"type":"Point","coordinates":[-25.16062,17.05979]}},{"type":"Feature","properties":{"NAME":"Sal","name_ko":"살섬","featurecla":"Island","min_label":6.7},"geometry":{"type":"Point","coordinates":[-22.939624000000002,16.7257995]}},{"type":"Feature","properties":{"NAME":"Boa Vista","name_ko":"보아비스타섬","featurecla":"Island","min_label":6.7},"geometry":{"type":"Point","coordinates":[-22.820581,16.111701]}},{"type":"Feature","properties":{"NAME":"Fuerteventura","name_ko":"푸에르테벤투라섬","featurecla":"Island","min_label":6.7},"geometry":{"type":"Point","coordinates":[-14.1594735,28.4003875]}},{"type":"Feature","properties":{"NAME":"Reunion","name_ko":"레위니옹","featurecla":"Island","min_label":5.7},"geometry":{"type":"Point","coordinates":[55.535938,-21.116748]}},{"type":"Feature","properties":{"NAME":"Hierro","name_ko":"엘이에로섬","featurecla":"Island","min_label":6.7},"geometry":{"type":"Point","coordinates":[-18.024243,27.7482665]}},{"type":"Feature","properties":{"NAME":"La Palma","name_ko":"라팔마섬","featurecla":"Island","min_label":6.7},"geometry":{"type":"Point","coordinates":[-17.8637135,28.666235]}},{"type":"Feature","properties":{"NAME":"St. Matthew I.","name_ko":"세인트 매튜 아일랜드","featurecla":"Island","min_label":6.7},"geometry":{"type":"Point","coordinates":[-172.653771,60.4581225]}},{"type":"Feature","properties":{"NAME":"Atka","name_ko":"애트카섬","featurecla":"Island","min_label":6.7},"geometry":{"type":"Point","coordinates":[-174.6397955,52.2032425]}},{"type":"Feature","properties":{"NAME":"Pribilof Islands","name_ko":"프리빌로프 제도","featurecla":"Island","min_label":6.7},"geometry":{"type":"Point","coordinates":[-169.94761699999998,56.8975825]}},{"type":"Feature","properties":{"NAME":"Prince Patrick I.","name_ko":"프린스패트릭섬","featurecla":"Island","min_label":6.7},"geometry":{"type":"Point","coordinates":[-119.163587,76.6714255]}},{"type":"Feature","properties":{"NAME":"Bathurst I.","name_ko":"배서스트 섬","featurecla":"Island","min_label":6.7},"geometry":{"type":"Point","coordinates":[-100.0050665,75.8074105]}},{"type":"Feature","properties":{"NAME":"Mansel I.","name_ko":"맨슬 아일랜드","featurecla":"Island","min_label":6.7},"geometry":{"type":"Point","coordinates":[-79.778466,62.005183]}},{"type":"Feature","properties":{"NAME":"Coats I.","name_ko":"코츠 아일랜드","featurecla":"Island","min_label":6.7},"geometry":{"type":"Point","coordinates":[-82.930493,62.5553825]}},{"type":"Feature","properties":{"NAME":"King William I.","name_ko":"킹윌리엄섬","featurecla":"Island","min_label":6.7},"geometry":{"type":"Point","coordinates":[-97.4517615,69.1610625]}},{"type":"Feature","properties":{"NAME":"Cornwallis I.","name_ko":"콘월리스섬","featurecla":"Island","min_label":6.7},"geometry":{"type":"Point","coordinates":[-95.03057100000001,75.1353765]}},{"type":"Feature","properties":{"NAME":"Somerset I.","name_ko":"서머싯섬","featurecla":"Island","min_label":6.7},"geometry":{"type":"Point","coordinates":[-93.001294,73.0925555]}},{"type":"Feature","properties":{"NAME":"Bylot Island","name_ko":"바이롯 아일랜드","featurecla":"Island","min_label":6.7},"geometry":{"type":"Point","coordinates":[-78.5039155,73.2426195]}},{"type":"Feature","properties":{"NAME":"Akimiski I.","name_ko":"아키미스키 I.","featurecla":"Island","min_label":6.7},"geometry":{"type":"Point","coordinates":[-81.3787055,52.978018]}},{"type":"Feature","properties":{"NAME":"Andros","name_ko":"안드로스 섬","featurecla":"Island","min_label":6},"geometry":{"type":"Point","coordinates":[-77.983667,24.473754999999997]}},{"type":"Feature","properties":{"NAME":"Tarawa","name_ko":"타라와","featurecla":"Island","min_label":6},"geometry":{"type":"Point","coordinates":[173.109935,1.3677205]}},{"type":"Feature","properties":{"NAME":"Banaba","name_ko":"바나바섬","featurecla":"Island","min_label":6},"geometry":{"type":"Point","coordinates":[169.539111,-0.861426]}},{"type":"Feature","properties":{"NAME":"Atafu","name_ko":"아타푸","featurecla":"Island","min_label":6},"geometry":{"type":"Point","coordinates":[-172.48891600000002,-8.564696999999999]}},{"type":"Feature","properties":{"NAME":"Île Futuna","name_ko":"일 푸투나","featurecla":"Island","min_label":6},"geometry":{"type":"Point","coordinates":[-178.1435725,-14.277445]}},{"type":"Feature","properties":{"NAME":"Starbuck","name_ko":"스타벅","featurecla":"Island","min_label":6},"geometry":{"type":"Point","coordinates":[-155.8954835,-5.619678]}},{"type":"Feature","properties":{"NAME":"Anatahan","name_ko":"아나타한","featurecla":"Island","min_label":6},"geometry":{"type":"Point","coordinates":[145.675293,16.355884]}},{"type":"Feature","properties":{"NAME":"Nukufetau","name_ko":"누쿠페타우","featurecla":"Island","min_label":6},"geometry":{"type":"Point","coordinates":[178.3802245,-8.0501465]}},{"type":"Feature","properties":{"NAME":"Butaritari","name_ko":"부타리타리","featurecla":"Island","min_label":6},"geometry":{"type":"Point","coordinates":[172.8202575,3.046198]}},{"type":"Feature","properties":{"NAME":"Mussau","name_ko":"무소","featurecla":"Island","min_label":6},"geometry":{"type":"Point","coordinates":[149.655664,-1.4708635]}},{"type":"Feature","properties":{"NAME":"Karkar","name_ko":"카르카르","featurecla":"Island","min_label":6},"geometry":{"type":"Point","coordinates":[145.968506,-4.6475100000000005]}},{"type":"Feature","properties":{"NAME":"Nendö","name_ko":"넨도","featurecla":"Island","min_label":6},"geometry":{"type":"Point","coordinates":[165.9762695,-10.7569365]}},{"type":"Feature","properties":{"NAME":"Rennell","name_ko":"렌넬섬","featurecla":"Island","min_label":6},"geometry":{"type":"Point","coordinates":[160.2777275,-11.652069000000001]}},{"type":"Feature","properties":{"NAME":"Île de Pins","name_ko":"일 드 핀스","featurecla":"Island","min_label":6},"geometry":{"type":"Point","coordinates":[167.484033,-22.601248499999997]}},{"type":"Feature","properties":{"NAME":"Ambrym","name_ko":"암브림섬","featurecla":"Island","min_label":6},"geometry":{"type":"Point","coordinates":[168.1134765,-16.214164]}},{"type":"Feature","properties":{"NAME":"Erromango","name_ko":"에로망고섬","featurecla":"Island","min_label":6},"geometry":{"type":"Point","coordinates":[169.160582,-18.802633]}},{"type":"Feature","properties":{"NAME":"Vanua Lava","name_ko":"바누아 라바","featurecla":"Island","min_label":6},"geometry":{"type":"Point","coordinates":[167.472497,-13.813281499999999]}},{"type":"Feature","properties":{"NAME":"I. Guadalupe","name_ko":"과달루페섬","featurecla":"Island","min_label":6},"geometry":{"type":"Point","coordinates":[-118.32207,29.045679]}},{"type":"Feature","properties":{"NAME":"Fatu Hiva","name_ko":"파투 히바","featurecla":"Island","min_label":6},"geometry":{"type":"Point","coordinates":[-138.657445,-10.479004]}},{"type":"Feature","properties":{"NAME":"Simushir","name_ko":"시무시르 섬","featurecla":"Island","min_label":6},"geometry":{"type":"Point","coordinates":[152.00209949999999,46.965243]}},{"type":"Feature","properties":{"NAME":"Kunashir","name_ko":"쿠나시르섬","featurecla":"Island","min_label":6},"geometry":{"type":"Point","coordinates":[145.9968905,44.082373000000004]}},{"type":"Feature","properties":{"NAME":"Onekotan","name_ko":"오네코탄 섬","featurecla":"Island","min_label":6},"geometry":{"type":"Point","coordinates":[154.755273,49.457362]}},{"type":"Feature","properties":{"NAME":"Bering I.","name_ko":"베링섬","featurecla":"Island","min_label":6},"geometry":{"type":"Point","coordinates":[166.199946,55.0227935]}},{"type":"Feature","properties":{"NAME":"Phuket I.","name_ko":"푸껫섬","featurecla":"Island","min_label":6},"geometry":{"type":"Point","coordinates":[98.348633,7.9711915]}},{"type":"Feature","properties":{"NAME":"Isla Wellington","name_ko":"웰링턴섬","featurecla":"Island","min_label":6},"geometry":{"type":"Point","coordinates":[-74.96315899999999,-49.362158]}},{"type":"Feature","properties":{"NAME":"Darien Gap","name_ko":"다리엔 갭","featurecla":"Island","min_label":6},"geometry":{"type":"Point","coordinates":[-77.69193200000001,8.1934265]}},{"type":"Feature","properties":{"NAME":"Santiago","name_ko":"산티아구섬","featurecla":"Island","min_label":6},"geometry":{"type":"Point","coordinates":[-23.6146965,15.122327]}},{"type":"Feature","properties":{"NAME":"São Miguel","name_ko":"상미겔섬","featurecla":"Island","min_label":6},"geometry":{"type":"Point","coordinates":[-25.514893,37.8132855]}},{"type":"Feature","properties":{"NAME":"Grande Comore","name_ko":"그랑드코모르섬","featurecla":"Island","min_label":6},"geometry":{"type":"Point","coordinates":[43.358917000000005,-11.641504]}},{"type":"Feature","properties":{"NAME":"Mauritius","name_ko":"모리셔스","featurecla":"Island","min_label":5.7},"geometry":{"type":"Point","coordinates":[57.554824499999995,-20.2515335]}},{"type":"Feature","properties":{"NAME":"Nunivak I.","name_ko":"누니박 아일랜드","featurecla":"Island","min_label":6},"geometry":{"type":"Point","coordinates":[-166.50491499999998,60.1159895]}},{"type":"Feature","properties":{"NAME":"St. Lawrence I.","name_ko":"세인트로렌스섬","featurecla":"Island","min_label":6},"geometry":{"type":"Point","coordinates":[-170.2718665,63.342448000000005]}},{"type":"Feature","properties":{"NAME":"Prince Charles I.","name_ko":"프린스 찰스 I.","featurecla":"Island","min_label":6},"geometry":{"type":"Point","coordinates":[-76.183303,67.7837285]}},{"type":"Feature","properties":{"NAME":"î. d’Anticosti","name_ko":"앙티코스티섬","featurecla":"Island","min_label":6},"geometry":{"type":"Point","coordinates":[-63.0935315,49.512234]}},{"type":"Feature","properties":{"NAME":"Sea Islands","name_ko":"씨 아일랜즈","featurecla":"Coast","min_label":6},"geometry":{"type":"Point","coordinates":[-80.347615,31.9621645]}},{"type":"Feature","properties":{"NAME":"Witwatersrand","name_ko":"비트바테르스란트","featurecla":"Range/mtn","min_label":6},"geometry":{"type":"Point","coordinates":[26.823069500000003,-25.6798645]}},{"type":"Feature","properties":{"NAME":"Jabal bin Ghunaymah","name_ko":"자발 빈 구나이마","featurecla":"Range/mtn","min_label":6},"geometry":{"type":"Point","coordinates":[15.2375595,24.124640499999998]}},{"type":"Feature","properties":{"NAME":"Wasatch Range","name_ko":"와사치 레인지","featurecla":"Range/mtn","min_label":6},"geometry":{"type":"Point","coordinates":[-111.467885,40.958715999999995]}},{"type":"Feature","properties":{"NAME":"Lebombo Mts.","name_ko":"레봄보 마운틴스","featurecla":"Range/mtn","min_label":6},"geometry":{"type":"Point","coordinates":[32.038646,-25.6104675]}},{"type":"Feature","properties":{"NAME":"Ruwenzori Range","name_ko":"루웬조리 레인지","featurecla":"Range/mtn","min_label":6},"geometry":{"type":"Point","coordinates":[30.063121,0.552466]}},{"type":"Feature","properties":{"NAME":"Moyen Atlas","name_ko":"모옌 아틀라스","featurecla":"Range/mtn","min_label":6},"geometry":{"type":"Point","coordinates":[-4.5400285,33.5272585]}},{"type":"Feature","properties":{"NAME":"Loma Mts.","name_ko":"로마 마운틴스","featurecla":"Range/mtn","min_label":6},"geometry":{"type":"Point","coordinates":[-10.995839,8.739111999999999]}},{"type":"Feature","properties":{"NAME":"Mbang Mts.","name_ko":"음방 마운틴스","featurecla":"Range/mtn","min_label":6},"geometry":{"type":"Point","coordinates":[14.326976,7.546271000000001]}},{"type":"Feature","properties":{"NAME":"Pen. de Osa","name_ko":"페닌슐라 데 오사","featurecla":"Pen/cape","min_label":6},"geometry":{"type":"Point","coordinates":[-83.5122935,8.607619]}},{"type":"Feature","properties":{"NAME":"Pen. de Nicoya","name_ko":"페닌슐라 데 니코야","featurecla":"Pen/cape","min_label":6},"geometry":{"type":"Point","coordinates":[-85.381933,10.119621500000001]}},{"type":"Feature","properties":{"NAME":"Makgadikgadi Pan","name_ko":"막가딕가디 팬","featurecla":"Desert","min_label":6},"geometry":{"type":"Point","coordinates":[25.313792,-20.583368]}},{"type":"Feature","properties":{"NAME":"Etosha Pan","name_ko":"에토샤 팬","featurecla":"Desert","min_label":6},"geometry":{"type":"Point","coordinates":[16.4568585,-18.7224055]}},{"type":"Feature","properties":{"NAME":"Jabal as Sawdä’","name_ko":"자발 애스 사우다","featurecla":"Desert","min_label":6},"geometry":{"type":"Point","coordinates":[15.8835555,29.2112185]}},{"type":"Feature","properties":{"NAME":"White Sands","name_ko":"화이트 샌즈","featurecla":"Desert","min_label":6},"geometry":{"type":"Point","coordinates":[-106.2958265,32.9180975]}},{"type":"Feature","properties":{"NAME":"Black Rock Desert","name_ko":"블랙록 사막","featurecla":"Desert","min_label":6},"geometry":{"type":"Point","coordinates":[-118.940663,41.0814575]}},{"type":"Feature","properties":{"NAME":"Al Harüj al Aswad","name_ko":"알 하루이 알 아스와드","featurecla":"Plateau","min_label":6},"geometry":{"type":"Point","coordinates":[17.2815045,27.3260865]}},{"type":"Feature","properties":{"NAME":"Horn Plat.","name_ko":"혼 플래투","featurecla":"Plateau","min_label":6},"geometry":{"type":"Point","coordinates":[-119.208211,62.266516499999994]}},{"type":"Feature","properties":{"NAME":"Khomas Highland","name_ko":"코마스 하이랜드","featurecla":"Plateau","min_label":6},"geometry":{"type":"Point","coordinates":[16.626658499999998,-22.9999325]}},{"type":"Feature","properties":{"NAME":"Ennedi Plat.","name_ko":"엔네디 플래투","featurecla":"Plateau","min_label":6},"geometry":{"type":"Point","coordinates":[22.626109,16.9742495]}},{"type":"Feature","properties":{"NAME":"Jos Plateau","name_ko":"조스 플래투","featurecla":"Plateau","min_label":6},"geometry":{"type":"Point","coordinates":[9.0882675,9.823859]}},{"type":"Feature","properties":{"NAME":"Kaokoland","name_ko":"카오콜랜드","featurecla":"Geoarea","min_label":6},"geometry":{"type":"Point","coordinates":[12.7531795,-16.349969]}},{"type":"Feature","properties":{"NAME":"Manus","name_ko":"마누스섬","featurecla":"Island","min_label":5.4},"geometry":{"type":"Point","coordinates":[146.9876625,-2.079492]}},{"type":"Feature","properties":{"NAME":"Malaita","name_ko":"말라이타 섬","featurecla":"Island","min_label":5.4},"geometry":{"type":"Point","coordinates":[160.98398450000002,-8.962597500000001]}},{"type":"Feature","properties":{"NAME":"Choiseul","name_ko":"슈아절섬","featurecla":"Island","min_label":5.4},"geometry":{"type":"Point","coordinates":[156.9855955,-7.0153685]}},{"type":"Feature","properties":{"NAME":"Éfaté","name_ko":"에파테섬","featurecla":"Island","min_label":5.4},"geometry":{"type":"Point","coordinates":[168.371527,-17.6747075]}},{"type":"Feature","properties":{"NAME":"Tanna","name_ko":"탄나섬","featurecla":"Island","min_label":5.4},"geometry":{"type":"Point","coordinates":[169.3543945,-19.485302500000003]}},{"type":"Feature","properties":{"NAME":"Pohnpei","name_ko":"폰페이섬","featurecla":"Island","min_label":5.4},"geometry":{"type":"Point","coordinates":[158.231251,6.8844095]}},{"type":"Feature","properties":{"NAME":"Kadavu","name_ko":"칸다부섬","featurecla":"Island","min_label":5.4},"geometry":{"type":"Point","coordinates":[178.223291,-19.042988]}},{"type":"Feature","properties":{"NAME":"Saipan","name_ko":"사이판섬","featurecla":"Island","min_label":5.4},"geometry":{"type":"Point","coordinates":[145.75307600000002,15.186369]}},{"type":"Feature","properties":{"NAME":"Rota","name_ko":"로타섬","featurecla":"Island","min_label":5.4},"geometry":{"type":"Point","coordinates":[145.2089515,14.150967000000001]}},{"type":"Feature","properties":{"NAME":"Moloka‘i","name_ko":"몰로카이섬","featurecla":"Island","min_label":5.4},"geometry":{"type":"Point","coordinates":[-157.0013755,21.1428915]}},{"type":"Feature","properties":{"NAME":"Moorea","name_ko":"무레아","featurecla":"Island","min_label":5.4},"geometry":{"type":"Point","coordinates":[-149.8502065,-17.5186705]}},{"type":"Feature","properties":{"NAME":"Ua Pou","name_ko":"우아 포우","featurecla":"Island","min_label":5.4},"geometry":{"type":"Point","coordinates":[-140.08765699999998,-9.3861195]}},{"type":"Feature","properties":{"NAME":"Läna‘i","name_ko":"라나이섬","featurecla":"Island","min_label":5.4},"geometry":{"type":"Point","coordinates":[-156.9299805,20.837291999999998]}},{"type":"Feature","properties":{"NAME":"Ni‘ihau","name_ko":"니하우섬","featurecla":"Island","min_label":5.4},"geometry":{"type":"Point","coordinates":[-160.1460935,21.905942]}},{"type":"Feature","properties":{"NAME":"Upolu","name_ko":"우폴루섬","featurecla":"Island","min_label":5.4},"geometry":{"type":"Point","coordinates":[-171.7477295,-13.927008]}},{"type":"Feature","properties":{"NAME":"Tutuila","name_ko":"투투일라","featurecla":"Island","min_label":5.4},"geometry":{"type":"Point","coordinates":[-170.6944325,-14.30826]}},{"type":"Feature","properties":{"NAME":"Taveuni","name_ko":"타베우니","featurecla":"Island","min_label":5.4},"geometry":{"type":"Point","coordinates":[-179.911157,-16.8254545]}},{"type":"Feature","properties":{"NAME":"Tongatapu","name_ko":"통가타푸섬","featurecla":"Island","min_label":5.4},"geometry":{"type":"Point","coordinates":[-175.220264,-21.165967000000002]}},{"type":"Feature","properties":{"NAME":"Niue","name_ko":"니우에","featurecla":"Island","min_label":5.4},"geometry":{"type":"Point","coordinates":[-169.87132150000002,-19.051119999999997]}},{"type":"Feature","properties":{"NAME":"Ilha de Marajó","name_ko":"마라조섬","featurecla":"Island","min_label":5.4},"geometry":{"type":"Point","coordinates":[-49.5835405,-0.958545]}},{"type":"Feature","properties":{"NAME":"Vize I.","name_ko":"위즈 아일랜드","featurecla":"Island","min_label":5.4},"geometry":{"type":"Point","coordinates":[76.82026400000001,79.5769775]}},{"type":"Feature","properties":{"NAME":"Ushakova I.","name_ko":"우샤코바 아일랜드","featurecla":"Island","min_label":5.4},"geometry":{"type":"Point","coordinates":[79.70278350000001,80.893726]}},{"type":"Feature","properties":{"NAME":"Belyy I.","name_ko":"벨리 아일랜드","featurecla":"Island","min_label":5.4},"geometry":{"type":"Point","coordinates":[70.775293,73.275781]}},{"type":"Feature","properties":{"NAME":"Cheju I.","name_ko":"제주 아일랜드","featurecla":"Island","min_label":5.4},"geometry":{"type":"Point","coordinates":[126.5484375,33.3773685]}},{"type":"Feature","properties":{"NAME":"West Falkland","name_ko":"서포클랜드섬","featurecla":"Island","min_label":5.4},"geometry":{"type":"Point","coordinates":[-60.114746,-51.775602000000006]}},{"type":"Feature","properties":{"NAME":"East Falkland","name_ko":"동포클랜드섬","featurecla":"Island","min_label":5.4},"geometry":{"type":"Point","coordinates":[-58.792554,-51.788965000000005]}},{"type":"Feature","properties":{"NAME":"Groote Eylandt","name_ko":"그루트 아일란트","featurecla":"Island","min_label":6},"geometry":{"type":"Point","coordinates":[136.6393435,-13.9854425]}},{"type":"Feature","properties":{"NAME":"Mornington I.","name_ko":"모닝턴 아일랜드","featurecla":"Island","min_label":6},"geometry":{"type":"Point","coordinates":[139.422705,-16.568457000000002]}},{"type":"Feature","properties":{"NAME":"Karaginskiy I.","name_ko":"카라긴스키 아일랜드","featurecla":"Island","min_label":5.4},"geometry":{"type":"Point","coordinates":[164.0445215,58.8680665]}},{"type":"Feature","properties":{"NAME":"Wrangel I.","name_ko":"브란겔랴 섬","featurecla":"Island","min_label":5.4},"geometry":{"type":"Point","coordinates":[0.005655500000003144,71.20852049999999]}},{"type":"Feature","properties":{"NAME":"Ayon I.","name_ko":"아이온 아일랜드","featurecla":"Island","min_label":5.4},"geometry":{"type":"Point","coordinates":[168.6112305,69.7936145]}},{"type":"Feature","properties":{"NAME":"Novaya Sibir’ I.","name_ko":"노바야시비리섬","featurecla":"Island","min_label":5.4},"geometry":{"type":"Point","coordinates":[148.48544900000002,75.177124]}},{"type":"Feature","properties":{"NAME":"Kotel’nyy I.","name_ko":"코텔니섬","featurecla":"Island","min_label":5.4},"geometry":{"type":"Point","coordinates":[141.1538085,75.428125]}},{"type":"Feature","properties":{"NAME":"King I.","name_ko":"킹 아일랜드","featurecla":"Island","min_label":5.4},"geometry":{"type":"Point","coordinates":[143.989709,-39.8501955]}},{"type":"Feature","properties":{"NAME":"Flinders I.","name_ko":"플린더스 아일랜드","featurecla":"Island","min_label":5.4},"geometry":{"type":"Point","coordinates":[148.04571700000002,-39.994466]}},{"type":"Feature","properties":{"NAME":"Kangaroo I.","name_ko":"캥거루섬","featurecla":"Island","min_label":6},"geometry":{"type":"Point","coordinates":[137.3320315,-35.8332235]}},{"type":"Feature","properties":{"NAME":"Fraser I.","name_ko":"프래이저 섬","featurecla":"Island","min_label":5.4},"geometry":{"type":"Point","coordinates":[153.1679685,-25.253613]}},{"type":"Feature","properties":{"NAME":"Melville I.","name_ko":"멜빌섬","featurecla":"Island","min_label":6},"geometry":{"type":"Point","coordinates":[130.953488,-11.553467000000001]}},{"type":"Feature","properties":{"NAME":"Biak","name_ko":"비악섬","featurecla":"Island","min_label":5.4},"geometry":{"type":"Point","coordinates":[135.87915049999998,-0.9340700000000001]}},{"type":"Feature","properties":{"NAME":"Yos Sudarso I.","name_ko":"요 수다르소 아일랜드","featurecla":"Island","min_label":5.4},"geometry":{"type":"Point","coordinates":[138.319727,-7.89569]}},{"type":"Feature","properties":{"NAME":"Buru","name_ko":"부루섬","featurecla":"Island","min_label":5.4},"geometry":{"type":"Point","coordinates":[126.6344835,-3.4444334999999997]}},{"type":"Feature","properties":{"NAME":"Taliabu","name_ko":"탈리아부","featurecla":"Island","min_label":5.4},"geometry":{"type":"Point","coordinates":[124.82493450000001,-1.8211905]}},{"type":"Feature","properties":{"NAME":"Morotai","name_ko":"모로타이섬","featurecla":"Island","min_label":5.4},"geometry":{"type":"Point","coordinates":[128.4531805,2.3161595000000004]}},{"type":"Feature","properties":{"NAME":"Alor","name_ko":"알로르","featurecla":"Island","min_label":5.4},"geometry":{"type":"Point","coordinates":[124.7438925,-8.290039]}},{"type":"Feature","properties":{"NAME":"Wetar","name_ko":"웨타","featurecla":"Island","min_label":5.4},"geometry":{"type":"Point","coordinates":[126.3063475,-7.778173499999999]}},{"type":"Feature","properties":{"NAME":"Flores","name_ko":"플로레스섬","featurecla":"Island","min_label":5.4},"geometry":{"type":"Point","coordinates":[121.406494,-8.5143555]}},{"type":"Feature","properties":{"NAME":"Sumba","name_ko":"숨바섬","featurecla":"Island","min_label":5.4},"geometry":{"type":"Point","coordinates":[119.895703,-9.797754000000001]}},{"type":"Feature","properties":{"NAME":"Sumbawa","name_ko":"숨바와섬","featurecla":"Island","min_label":5.4},"geometry":{"type":"Point","coordinates":[117.94882849999999,-8.594043]}},{"type":"Feature","properties":{"NAME":"Lombok","name_ko":"롬복섬","featurecla":"Island","min_label":5.4},"geometry":{"type":"Point","coordinates":[116.295703,-8.5654815]}},{"type":"Feature","properties":{"NAME":"Bali","name_ko":"발리섬","featurecla":"Island","min_label":5.4},"geometry":{"type":"Point","coordinates":[115.0858825,-8.457373]}},{"type":"Feature","properties":{"NAME":"Madura I.","name_ko":"마두라섬","featurecla":"Island","min_label":5.4},"geometry":{"type":"Point","coordinates":[113.40444350000001,-7.048584]}},{"type":"Feature","properties":{"NAME":"Belitung","name_ko":"블리퉁 섬","featurecla":"Island","min_label":5.4},"geometry":{"type":"Point","coordinates":[107.927051,-2.878564]}},{"type":"Feature","properties":{"NAME":"Bangka","name_ko":"방카섬","featurecla":"Island","min_label":5.4},"geometry":{"type":"Point","coordinates":[105.9759275,-2.2883785]}},{"type":"Feature","properties":{"NAME":"Natuna Basar","name_ko":"나투나 바사르","featurecla":"Island","min_label":5.4},"geometry":{"type":"Point","coordinates":[108.20072049999999,3.9350889999999996]}},{"type":"Feature","properties":{"NAME":"Enggano","name_ko":"엥가노","featurecla":"Island","min_label":5.4},"geometry":{"type":"Point","coordinates":[102.258104,-5.384862999999999]}},{"type":"Feature","properties":{"NAME":"South Pagai","name_ko":"사우스 파가이","featurecla":"Island","min_label":5.4},"geometry":{"type":"Point","coordinates":[100.3240725,-3.055766]}},{"type":"Feature","properties":{"NAME":"Siberut","name_ko":"시베루트","featurecla":"Island","min_label":5.4},"geometry":{"type":"Point","coordinates":[98.93623450000001,-1.349556]}},{"type":"Feature","properties":{"NAME":"Nias","name_ko":"니아스섬","featurecla":"Island","min_label":5.4},"geometry":{"type":"Point","coordinates":[97.5055665,1.0520995]}},{"type":"Feature","properties":{"NAME":"Simeulue","name_ko":"시뮬루에","featurecla":"Island","min_label":5.4},"geometry":{"type":"Point","coordinates":[96.090418,2.633357]}},{"type":"Feature","properties":{"NAME":"Saaremaa","name_ko":"사레마섬","featurecla":"Island","min_label":5.4},"geometry":{"type":"Point","coordinates":[22.588867,58.279372499999994]}},{"type":"Feature","properties":{"NAME":"Åland","name_ko":"올란드","featurecla":"Island","min_label":5.4},"geometry":{"type":"Point","coordinates":[19.9653955,60.244467]}},{"type":"Feature","properties":{"NAME":"Gotland","name_ko":"고틀란드섬","featurecla":"Island","min_label":5.4},"geometry":{"type":"Point","coordinates":[18.5907715,57.4180095]}},{"type":"Feature","properties":{"NAME":"Zealand","name_ko":"셸란섬","featurecla":"Island","min_label":5.4},"geometry":{"type":"Point","coordinates":[11.793652,55.5457125]}},{"type":"Feature","properties":{"NAME":"Lofoten","name_ko":"로포텐 제도","featurecla":"Island","min_label":5.4},"geometry":{"type":"Point","coordinates":[14.0141895,68.1527885]}},{"type":"Feature","properties":{"NAME":"Vesterålen","name_ko":"베스테롤렌","featurecla":"Island","min_label":5.4},"geometry":{"type":"Point","coordinates":[15.4604005,68.792383]}},{"type":"Feature","properties":{"NAME":"Pelopónnisos","name_ko":"펠로폰네소스반도","featurecla":"Island","min_label":6},"geometry":{"type":"Point","coordinates":[22.307666,37.387471500000004]}},{"type":"Feature","properties":{"NAME":"Rhodes","name_ko":"로도스섬","featurecla":"Island","min_label":5.4},"geometry":{"type":"Point","coordinates":[27.9736815,36.170972]}},{"type":"Feature","properties":{"NAME":"Crete","name_ko":"크레타","featurecla":"Island","min_label":5.4},"geometry":{"type":"Point","coordinates":[24.9348695,35.295073]}},{"type":"Feature","properties":{"NAME":"Greem Bell I.","name_ko":"그림 벨 아일랜드","featurecla":"Island","min_label":5.4},"geometry":{"type":"Point","coordinates":[63.978857500000004,80.9480465]}},{"type":"Feature","properties":{"NAME":"Zemlya Georga I.","name_ko":"젬랴 게오르가 아일랜드","featurecla":"Island","min_label":5.4},"geometry":{"type":"Point","coordinates":[49.1740235,80.5044675]}},{"type":"Feature","properties":{"NAME":"Kvitøya","name_ko":"크비퇴위아섬","featurecla":"Island","min_label":5.4},"geometry":{"type":"Point","coordinates":[32.555384,80.1618895]}},{"type":"Feature","properties":{"NAME":"Malta","name_ko":"몰타섬","featurecla":"Island","min_label":5.4},"geometry":{"type":"Point","coordinates":[14.373290999999998,35.947998]}},{"type":"Feature","properties":{"NAME":"Menorca","name_ko":"미노르카 섬","featurecla":"Island","min_label":5.4},"geometry":{"type":"Point","coordinates":[4.082879,39.951276]}},{"type":"Feature","properties":{"NAME":"Mallorca","name_ko":"마요르카섬","featurecla":"Island","min_label":5.4},"geometry":{"type":"Point","coordinates":[2.9159179999999996,39.6356615]}},{"type":"Feature","properties":{"NAME":"Ibiza","name_ko":"이비사섬","featurecla":"Island","min_label":5.4},"geometry":{"type":"Point","coordinates":[1.4230115,38.9892545]}},{"type":"Feature","properties":{"NAME":"Bjørnøya","name_ko":"비오르뇌야 섬","featurecla":"Island","min_label":5.4},"geometry":{"type":"Point","coordinates":[19.036084,74.435034]}},{"type":"Feature","properties":{"NAME":"Lesbos","name_ko":"레스보스섬","featurecla":"Island","min_label":5.4},"geometry":{"type":"Point","coordinates":[26.221344000000002,39.177905499999994]}},{"type":"Feature","properties":{"NAME":"Edgeøya","name_ko":"에드게외위아섬","featurecla":"Island","min_label":5.4},"geometry":{"type":"Point","coordinates":[22.8892915,77.7602995]}},{"type":"Feature","properties":{"NAME":"Spitsbergen","name_ko":"스핏스베르겐 섬","featurecla":"Island","min_label":5.4},"geometry":{"type":"Point","coordinates":[16.056885,78.3159425]}},{"type":"Feature","properties":{"NAME":"Nordaustlandet","name_ko":"노르아우스틀라네섬","featurecla":"Island","min_label":5.4},"geometry":{"type":"Point","coordinates":[22.557764,79.8360595]}},{"type":"Feature","properties":{"NAME":"Vaygach I.","name_ko":"바이가치섬","featurecla":"Island","min_label":5.4},"geometry":{"type":"Point","coordinates":[59.476353,70.0764405]}},{"type":"Feature","properties":{"NAME":"Kolguyev I.","name_ko":"콜구예프섬","featurecla":"Island","min_label":5.4},"geometry":{"type":"Point","coordinates":[49.2809085,69.12296649999999]}},{"type":"Feature","properties":{"NAME":"Jan Mayen","name_ko":"얀마옌섬","featurecla":"Island","min_label":5.4},"geometry":{"type":"Point","coordinates":[-8.538786,71.005176]}},{"type":"Feature","properties":{"NAME":"São Tomé","name_ko":"상투메섬","featurecla":"Island","min_label":5.4},"geometry":{"type":"Point","coordinates":[6.609082,0.225878]}},{"type":"Feature","properties":{"NAME":"Príncipe","name_ko":"프린시페섬","featurecla":"Island","min_label":5.4},"geometry":{"type":"Point","coordinates":[7.391503999999999,1.6203885]}},{"type":"Feature","properties":{"NAME":"Zanzibar I.","name_ko":"잔지바르 제도","featurecla":"Island","min_label":5.4},"geometry":{"type":"Point","coordinates":[39.378244,-6.0908035]}},{"type":"Feature","properties":{"NAME":"Socotra","name_ko":"소코트라섬","featurecla":"Island","min_label":5.4},"geometry":{"type":"Point","coordinates":[53.913486500000005,12.5173825]}},{"type":"Feature","properties":{"NAME":"Bioko","name_ko":"비오코섬","featurecla":"Island","min_label":5.4},"geometry":{"type":"Point","coordinates":[8.6924805,3.4876955]}},{"type":"Feature","properties":{"NAME":"Tenerife","name_ko":"테네리페섬","featurecla":"Island","min_label":5.4},"geometry":{"type":"Point","coordinates":[-16.512245,28.291577500000002]}},{"type":"Feature","properties":{"NAME":"Gran Canaria","name_ko":"그란카나리아섬","featurecla":"Island","min_label":5.3},"geometry":{"type":"Point","coordinates":[-15.5963135,27.9531705]}},{"type":"Feature","properties":{"NAME":"Madeira","name_ko":"마데이라섬","featurecla":"Island","min_label":5.4},"geometry":{"type":"Point","coordinates":[-16.967139,32.758466]}},{"type":"Feature","properties":{"NAME":"Long I.","name_ko":"롱아일랜드","featurecla":"Island","min_label":5.4},"geometry":{"type":"Point","coordinates":[-72.95461750000001,40.8617675]}},{"type":"Feature","properties":{"NAME":"Grand Bahama","name_ko":"그랜드바하마섬","featurecla":"Island","min_label":5.4},"geometry":{"type":"Point","coordinates":[-78.44382999999999,26.622569499999997]}},{"type":"Feature","properties":{"NAME":"Qeqertarsuaq","name_ko":"케케르타르수악","featurecla":"Island","min_label":5.4},"geometry":{"type":"Point","coordinates":[-53.414241000000004,69.8150215]}},{"type":"Feature","properties":{"NAME":"Melville Island","name_ko":"멜빌섬","featurecla":"Island","min_label":5.4},"geometry":{"type":"Point","coordinates":[-111.60394450000001,75.617373]}},{"type":"Feature","properties":{"NAME":"Southampton I.","name_ko":"사우샘프턴섬","featurecla":"Island","min_label":5.4},"geometry":{"type":"Point","coordinates":[-83.727588,64.516698]}},{"type":"Feature","properties":{"NAME":"Prince of Wales I.","name_ko":"프린스오브웨일스섬","featurecla":"Island","min_label":5.4},"geometry":{"type":"Point","coordinates":[-99.5769045,72.58474100000001]}},{"type":"Feature","properties":{"NAME":"Axel Heiberg I.","name_ko":"액슬하이버그 섬","featurecla":"Island","min_label":5.4},"geometry":{"type":"Point","coordinates":[-90.87202350000001,79.75250700000001]}},{"type":"Feature","properties":{"NAME":"Devon Island","name_ko":"데번 섬","featurecla":"Island","min_label":5.4},"geometry":{"type":"Point","coordinates":[-88.1628685,75.7575775]}},{"type":"Feature","properties":{"NAME":"Kodiak Island","name_ko":"코디악 섬","featurecla":"Island","min_label":5.4},"geometry":{"type":"Point","coordinates":[-153.5016985,57.357666]}},{"type":"Feature","properties":{"NAME":"Taz Pen.","name_ko":"태즈 페닌슐라","featurecla":"Pen/cape","min_label":5.4},"geometry":{"type":"Point","coordinates":[75.118493,67.6605665]}},{"type":"Feature","properties":{"NAME":"Cape Zhelaniya","name_ko":"케이프 젤라니야","featurecla":"Pen/cape","min_label":5.4},"geometry":{"type":"Point","coordinates":[68.2309845,76.6089525]}},{"type":"Feature","properties":{"NAME":"Wild Coast","name_ko":"와일드 코스트","featurecla":"Coast","min_label":5.4},"geometry":{"type":"Point","coordinates":[29.080948499999998,-31.2484575]}},{"type":"Feature","properties":{"NAME":"Skeleton Coast","name_ko":"스켈레톤 코스트","featurecla":"Coast","min_label":5.4},"geometry":{"type":"Point","coordinates":[13.158819,-20.113433999999998]}},{"type":"Feature","properties":{"NAME":"Maya Mts.","name_ko":"마야 마운틴스","featurecla":"Range/mtn","min_label":5.4},"geometry":{"type":"Point","coordinates":[-88.9859815,16.682227]}},{"type":"Feature","properties":{"NAME":"Front Range","name_ko":"프론트 레인저","featurecla":"Range/mtn","min_label":5.4},"geometry":{"type":"Point","coordinates":[-105.47691800000001,39.7040775]}},{"type":"Feature","properties":{"NAME":"Bitterroot Range","name_ko":"비터루트 레인지","featurecla":"Range/mtn","min_label":5.4},"geometry":{"type":"Point","coordinates":[-114.077504,46.0788335]}},{"type":"Feature","properties":{"NAME":"Hardanger-vidda","name_ko":"하르당에르비다","featurecla":"Range/mtn","min_label":5.4},"geometry":{"type":"Point","coordinates":[8.035899,60.091894499999995]}},{"type":"Feature","properties":{"NAME":"Chaîne des Mongos","name_ko":"체인 데 몽고스","featurecla":"Range/mtn","min_label":5.4},"geometry":{"type":"Point","coordinates":[22.4739485,8.88465]}},{"type":"Feature","properties":{"NAME":"Ogo Mts.","name_ko":"오고 마운틴스","featurecla":"Range/mtn","min_label":5.4},"geometry":{"type":"Point","coordinates":[47.8804235,10.765336000000001]}},{"type":"Feature","properties":{"NAME":"Groot Karasberge","name_ko":"그루트 카라스베르게","featurecla":"Range/mtn","min_label":5.4},"geometry":{"type":"Point","coordinates":[18.86909,-26.973077500000002]}},{"type":"Feature","properties":{"NAME":"Guinea Highlands","name_ko":"기니 하이랜즈","featurecla":"Range/mtn","min_label":5.4},"geometry":{"type":"Point","coordinates":[-8.8196305,8.28266]}},{"type":"Feature","properties":{"NAME":"Marrah Mts.","name_ko":"마라 산","featurecla":"Range/mtn","min_label":6},"geometry":{"type":"Point","coordinates":[25.54536,14.271002500000002]}},{"type":"Feature","properties":{"NAME":"Ahmar Mts.","name_ko":"아마르 마운틴스","featurecla":"Range/mtn","min_label":5.4},"geometry":{"type":"Point","coordinates":[41.8227035,9.049964]}},{"type":"Feature","properties":{"NAME":"Al Jabal al Akhdar","name_ko":"알 자발 알 아크다르","featurecla":"Range/mtn","min_label":6},"geometry":{"type":"Point","coordinates":[21.514842,32.293936]}},{"type":"Feature","properties":{"NAME":"Er Rif","name_ko":"어 리프","featurecla":"Range/mtn","min_label":6},"geometry":{"type":"Point","coordinates":[-4.211951,35.002295000000004]}},{"type":"Feature","properties":{"NAME":"Atlas Tellien","name_ko":"아틀라스 텔리엔","featurecla":"Range/mtn","min_label":6},"geometry":{"type":"Point","coordinates":[1.3337510000000001,35.342402]}},{"type":"Feature","properties":{"NAME":"Inyanga Mts.","name_ko":"인양가 마운틴스","featurecla":"Range/mtn","min_label":5.4},"geometry":{"type":"Point","coordinates":[32.74641,-18.784173]}},{"type":"Feature","properties":{"NAME":"Australian Alps","name_ko":"오스트레일리안 알프스","featurecla":"Range/mtn","min_label":5.4},"geometry":{"type":"Point","coordinates":[148.0086775,-36.519769]}},{"type":"Feature","properties":{"NAME":"Flinders Ranges","name_ko":"플린더스 레인지스","featurecla":"Range/mtn","min_label":5.4},"geometry":{"type":"Point","coordinates":[138.8938705,-31.5634095]}},{"type":"Feature","properties":{"NAME":"Blue Mts.","name_ko":"블루마운틴스","featurecla":"Range/mtn","min_label":5.4},"geometry":{"type":"Point","coordinates":[150.2965195,-33.3505795]}},{"type":"Feature","properties":{"NAME":"Gregory Ra.","name_ko":"그레고리 레인지","featurecla":"Range/mtn","min_label":6},"geometry":{"type":"Point","coordinates":[142.9491075,-18.780267000000002]}},{"type":"Feature","properties":{"NAME":"Selwyn Ra.","name_ko":"셀윈 레인지","featurecla":"Range/mtn","min_label":6},"geometry":{"type":"Point","coordinates":[140.17078700000002,-20.7674495]}},{"type":"Feature","properties":{"NAME":"MacDonnell Ranges","name_ko":"맥도넬 레인지스","featurecla":"Range/mtn","min_label":5.4},"geometry":{"type":"Point","coordinates":[132.8917955,-23.3834775]}},{"type":"Feature","properties":{"NAME":"Darling Range","name_ko":"달링 레인지","featurecla":"Range/mtn","min_label":5.4},"geometry":{"type":"Point","coordinates":[116.170909,-31.6017395]}},{"type":"Feature","properties":{"NAME":"Hamersley Ra.","name_ko":"해머슬리 레인지","featurecla":"Range/mtn","min_label":5.4},"geometry":{"type":"Point","coordinates":[117.903514,-22.278192]}},{"type":"Feature","properties":{"NAME":"Owen Stanley Ra.","name_ko":"오웬 스탠리 레인지","featurecla":"Range/mtn","min_label":5.4},"geometry":{"type":"Point","coordinates":[148.320262,-8.9262635]}},{"type":"Feature","properties":{"NAME":"Maoke Mts.","name_ko":"마오케 마운틴스","featurecla":"Range/mtn","min_label":5.4},"geometry":{"type":"Point","coordinates":[138.085521,-3.8609555]}},{"type":"Feature","properties":{"NAME":"Barisan Mountains","name_ko":"바리산 마운틴스","featurecla":"Range/mtn","min_label":5.4},"geometry":{"type":"Point","coordinates":[102.431041,-2.433038]}},{"type":"Feature","properties":{"NAME":"Hentiyn Mts.","name_ko":"헨티인 마운틴스","featurecla":"Range/mtn","min_label":5.4},"geometry":{"type":"Point","coordinates":[109.0260725,48.825202000000004]}},{"type":"Feature","properties":{"NAME":"Bureinskiy Ra.","name_ko":"부레인스키 레인지","featurecla":"Range/mtn","min_label":5.4},"geometry":{"type":"Point","coordinates":[134.5056865,51.276129499999996]}},{"type":"Feature","properties":{"NAME":"Yam Alin’ Range","name_ko":"얌 알린 레인지","featurecla":"Range/mtn","min_label":5.4},"geometry":{"type":"Point","coordinates":[134.8560895,53.3197695]}},{"type":"Feature","properties":{"NAME":"Chukchi Range","name_ko":"축치 레인지","featurecla":"Range/mtn","min_label":5.4},"geometry":{"type":"Point","coordinates":[175.8009695,68.3176945]}},{"type":"Feature","properties":{"NAME":"Suntar-Khayata Range","name_ko":"순타르-카야타 레인지","featurecla":"Range/mtn","min_label":5.4},"geometry":{"type":"Point","coordinates":[142.335643,62.053259499999996]}},{"type":"Feature","properties":{"NAME":"Dzhugdzhur Range","name_ko":"주그주르 레인지","featurecla":"Range/mtn","min_label":5.4},"geometry":{"type":"Point","coordinates":[137.004588,57.12934]}},{"type":"Feature","properties":{"NAME":"Momskiy Mts.","name_ko":"맘스키 마운틴스","featurecla":"Range/mtn","min_label":5.4},"geometry":{"type":"Point","coordinates":[146.1612045,66.04285300000001]}},{"type":"Feature","properties":{"NAME":"Central Bruhui Range","name_ko":"센트럴 브루후이 레인지","featurecla":"Range/mtn","min_label":5.4},"geometry":{"type":"Point","coordinates":[66.9567365,29.4540165]}},{"type":"Feature","properties":{"NAME":"Karatau Range","name_ko":"가라타우 레인지","featurecla":"Range/mtn","min_label":5.4},"geometry":{"type":"Point","coordinates":[68.7617905,43.883581500000005]}},{"type":"Feature","properties":{"NAME":"Arvalli Ra.","name_ko":"아르발리 레인지","featurecla":"Range/mtn","min_label":5.4},"geometry":{"type":"Point","coordinates":[73.31183949999999,25.855200500000002]}},{"type":"Feature","properties":{"NAME":"Sulaiman Ra.","name_ko":"술라이만 레인지","featurecla":"Range/mtn","min_label":5.4},"geometry":{"type":"Point","coordinates":[69.7827865,31.403875999999997]}},{"type":"Feature","properties":{"NAME":"Central Makran","name_ko":"센트럴 마크란","featurecla":"Range/mtn","min_label":5.4},"geometry":{"type":"Point","coordinates":[64.25330650000001,27.187689499999998]}},{"type":"Feature","properties":{"NAME":"Kirthar Ra.","name_ko":"키르타르 레인지","featurecla":"Range/mtn","min_label":5.4},"geometry":{"type":"Point","coordinates":[66.91462250000001,26.8653325]}},{"type":"Feature","properties":{"NAME":"Lebanon Mts.","name_ko":"레바논 마운틴스","featurecla":"Range/mtn","min_label":6},"geometry":{"type":"Point","coordinates":[35.833873,33.922217]}},{"type":"Feature","properties":{"NAME":"Kopet Dag Mts .","name_ko":"코페트다그산맥","featurecla":"Range/mtn","min_label":5.4},"geometry":{"type":"Point","coordinates":[58.062205500000005,37.7936465]}},{"type":"Feature","properties":{"NAME":"Paropamisus Ra.","name_ko":"파로파미수스 레인지","featurecla":"Range/mtn","min_label":5.4},"geometry":{"type":"Point","coordinates":[64.089122,34.803351]}},{"type":"Feature","properties":{"NAME":"Al Hajar Mts.","name_ko":"알 하자르 마운틴스","featurecla":"Range/mtn","min_label":5.4},"geometry":{"type":"Point","coordinates":[57.650157,24.1754215]}},{"type":"Feature","properties":{"NAME":"Tuwayq Mts.","name_ko":"투와이크 마운틴스","featurecla":"Range/mtn","min_label":5.4},"geometry":{"type":"Point","coordinates":[46.247874499999995,22.833350000000003]}},{"type":"Feature","properties":{"NAME":"Taurus Mts.","name_ko":"토로스산맥","featurecla":"Range/mtn","min_label":6},"geometry":{"type":"Point","coordinates":[33.1635845,36.962226]}},{"type":"Feature","properties":{"NAME":"Böhmerwald","name_ko":"뵈머발트","featurecla":"Range/mtn","min_label":5.4},"geometry":{"type":"Point","coordinates":[13.2341415,49.122809000000004]}},{"type":"Feature","properties":{"NAME":"Transylvanian Alps","name_ko":"트란실바니아알프스산맥","featurecla":"Range/mtn","min_label":5.4},"geometry":{"type":"Point","coordinates":[24.170786999999997,45.290839]}},{"type":"Feature","properties":{"NAME":"Tatra Mts.","name_ko":"타트라 마운틴스","featurecla":"Range/mtn","min_label":4.7},"geometry":{"type":"Point","coordinates":[20.5276595,49.443732]}},{"type":"Feature","properties":{"NAME":"Pindus Mts.","name_ko":"핀도스","featurecla":"Range/mtn","min_label":6},"geometry":{"type":"Point","coordinates":[21.0273545,39.978217]}},{"type":"Feature","properties":{"NAME":"Calabria","name_ko":"칼라브리아","featurecla":"Range/mtn","min_label":6},"geometry":{"type":"Point","coordinates":[16.3904005,39.078475999999995]}},{"type":"Feature","properties":{"NAME":"Harz","name_ko":"하르츠","featurecla":"Range/mtn","min_label":5.4},"geometry":{"type":"Point","coordinates":[10.5500595,51.728766]}},{"type":"Feature","properties":{"NAME":"Vosges","name_ko":"보주산맥","featurecla":"Range/mtn","min_label":5.4},"geometry":{"type":"Point","coordinates":[7.338939,48.8143985]}},{"type":"Feature","properties":{"NAME":"Sudetes Mts.","name_ko":"수데티산맥","featurecla":"Range/mtn","min_label":5.4},"geometry":{"type":"Point","coordinates":[15.8433945,50.60282]}},{"type":"Feature","properties":{"NAME":"Erzgebirge","name_ko":"오레 산맥","featurecla":"Range/mtn","min_label":5.4},"geometry":{"type":"Point","coordinates":[12.863658000000001,50.389228]}},{"type":"Feature","properties":{"NAME":"Ardennes","name_ko":"아르덴","featurecla":"Range/mtn","min_label":5.4},"geometry":{"type":"Point","coordinates":[5.158824,49.9411075]}},{"type":"Feature","properties":{"NAME":"Jura","name_ko":"쥐라산맥","featurecla":"Range/mtn","min_label":5.4},"geometry":{"type":"Point","coordinates":[6.8591415,46.857825000000005]}},{"type":"Feature","properties":{"NAME":"Grampian Mts.","name_ko":"그램피언 마운틴스","featurecla":"Range/mtn","min_label":5.4},"geometry":{"type":"Point","coordinates":[-3.8154829999999995,56.5786195]}},{"type":"Feature","properties":{"NAME":"Cambrian Mts.","name_ko":"캄브리안 마운틴스","featurecla":"Range/mtn","min_label":5.4},"geometry":{"type":"Point","coordinates":[-3.66924,52.431738499999994]}},{"type":"Feature","properties":{"NAME":"Vatnajökull","name_ko":"바트나이외쿠틀","featurecla":"Range/mtn","min_label":5.4},"geometry":{"type":"Point","coordinates":[-16.7596025,64.453345]}},{"type":"Feature","properties":{"NAME":"Birch Mts.","name_ko":"버치 마운틴","featurecla":"Range/mtn","min_label":5.4},"geometry":{"type":"Point","coordinates":[-113.25340750000001,58.0760255]}},{"type":"Feature","properties":{"NAME":"Caribou Mts.","name_ko":"카리부 마운틴스","featurecla":"Range/mtn","min_label":5.4},"geometry":{"type":"Point","coordinates":[-115.076314,59.604834499999996]}},{"type":"Feature","properties":{"NAME":"Cassiar Mts.","name_ko":"카시아 마운틴스","featurecla":"Range/mtn","min_label":5.4},"geometry":{"type":"Point","coordinates":[-130.063527,59.2658755]}},{"type":"Feature","properties":{"NAME":"Ogilvie Mts.","name_ko":"오길비 마운틴스","featurecla":"Range/mtn","min_label":5.4},"geometry":{"type":"Point","coordinates":[-138.07903,64.374396]}},{"type":"Feature","properties":{"NAME":"Wrangell Mts.","name_ko":"랭겔 마운틴스","featurecla":"Range/mtn","min_label":5.4},"geometry":{"type":"Point","coordinates":[-143.39534450000002,62.298651500000005]}},{"type":"Feature","properties":{"NAME":"Adirondack Mts.","name_ko":"애디론댁산맥","featurecla":"Range/mtn","min_label":5.4},"geometry":{"type":"Point","coordinates":[-74.55623349999999,43.9715335]}},{"type":"Feature","properties":{"NAME":"Blue Ridge","name_ko":"블루리지산맥","featurecla":"Range/mtn","min_label":5.4},"geometry":{"type":"Point","coordinates":[-81.25151500000001,36.861701]}},{"type":"Feature","properties":{"NAME":"Klamath Mts.","name_ko":"클라마스 마운틴스","featurecla":"Range/mtn","min_label":5.4},"geometry":{"type":"Point","coordinates":[-123.3901915,41.518622500000006]}},{"type":"Feature","properties":{"NAME":"Ouachita Mts.","name_ko":"와치타 마운틴스","featurecla":"Range/mtn","min_label":5.4},"geometry":{"type":"Point","coordinates":[-94.153279,34.531195499999995]}},{"type":"Feature","properties":{"NAME":"Salmon River Mts.","name_ko":"새먼 리버 마운틴스","featurecla":"Range/mtn","min_label":5.4},"geometry":{"type":"Point","coordinates":[-115.1154065,44.852301499999996]}},{"type":"Feature","properties":{"NAME":"Black Hills","name_ko":"블랙힐스","featurecla":"Range/mtn","min_label":5.4},"geometry":{"type":"Point","coordinates":[-103.972646,44.080816999999996]}},{"type":"Feature","properties":{"NAME":"Mogollon Rim","name_ko":"모골론 림","featurecla":"Range/mtn","min_label":5.4},"geometry":{"type":"Point","coordinates":[-110.604848,34.2846135]}},{"type":"Feature","properties":{"NAME":"Cord. de Mérida","name_ko":"코디렐라 드 메리다","featurecla":"Range/mtn","min_label":5.4},"geometry":{"type":"Point","coordinates":[-70.3088275,9.288092]}},{"type":"Feature","properties":{"NAME":"Cuchilla Grande","name_ko":"쿠칠라 그란데","featurecla":"Range/mtn","min_label":5.4},"geometry":{"type":"Point","coordinates":[-54.8066915,-33.4305965]}},{"type":"Feature","properties":{"NAME":"Tumuc-Humac Mts.","name_ko":"투묵-휴막 마운틴스","featurecla":"Range/mtn","min_label":5.4},"geometry":{"type":"Point","coordinates":[-54.452504000000005,2.4716555]}},{"type":"Feature","properties":{"NAME":"Wilhelmina Gebergte","name_ko":"빌헬미나 게베르트","featurecla":"Range/mtn","min_label":5.4},"geometry":{"type":"Point","coordinates":[-56.2765395,3.6224735]}},{"type":"Feature","properties":{"NAME":"S. do Piaui","name_ko":"S. 도 피아우이","featurecla":"Range/mtn","min_label":6},"geometry":{"type":"Point","coordinates":[-43.149311499999996,-9.0210505]}},{"type":"Feature","properties":{"NAME":"Serra da Ibiapaba","name_ko":"세라 다 이비아파바","featurecla":"Range/mtn","min_label":6},"geometry":{"type":"Point","coordinates":[-40.843007,-4.9641045]}},{"type":"Feature","properties":{"NAME":"Serra Acaraí","name_ko":"세라 아카라이","featurecla":"Range/mtn","min_label":5.4},"geometry":{"type":"Point","coordinates":[-58.7729695,1.363837]}},{"type":"Feature","properties":{"NAME":"Serra de Curupira","name_ko":"세라 데 쿠루피라","featurecla":"Range/mtn","min_label":5.4},"geometry":{"type":"Point","coordinates":[-64.6955765,1.447394]}},{"type":"Feature","properties":{"NAME":"S. do Cachimbo","name_ko":"S. 도 카침보","featurecla":"Range/mtn","min_label":6},"geometry":{"type":"Point","coordinates":[-55.8890275,-8.377191]}},{"type":"Feature","properties":{"NAME":"S. Dourada","name_ko":"S. 두라다","featurecla":"Range/mtn","min_label":6},"geometry":{"type":"Point","coordinates":[-49.948598000000004,-13.913751]}},{"type":"Feature","properties":{"NAME":"S. dos Gradaús","name_ko":"S. 도스 그라다우스","featurecla":"Range/mtn","min_label":6},"geometry":{"type":"Point","coordinates":[-50.7131245,-8.42431]}},{"type":"Feature","properties":{"NAME":"Serra do Espinhaço","name_ko":"세라 두 에스피냐소","featurecla":"Range/mtn","min_label":6},"geometry":{"type":"Point","coordinates":[-48.427754500000006,-16.4029475]}},{"type":"Feature","properties":{"NAME":"S. de Pakaraima","name_ko":"S. 데 파카라이마","featurecla":"Range/mtn","min_label":5.4},"geometry":{"type":"Point","coordinates":[-62.4465225,4.0003725]}},{"type":"Feature","properties":{"NAME":"Península de Taitao","name_ko":"페닌슐라 데 타이타오","featurecla":"Pen/cape","min_label":5.4},"geometry":{"type":"Point","coordinates":[-75.33641399999999,-46.580813500000005]}},{"type":"Feature","properties":{"NAME":"Kanin Pen.","name_ko":"카닌 페닌슐라","featurecla":"Pen/cape","min_label":5.4},"geometry":{"type":"Point","coordinates":[45.011816499999995,67.8657245]}},{"type":"Feature","properties":{"NAME":"Absheron Pen.","name_ko":"앱쉐론 페닌슐라","featurecla":"Pen/cape","min_label":5.4},"geometry":{"type":"Point","coordinates":[49.890361999999996,40.4026555]}},{"type":"Feature","properties":{"NAME":"Musandam Peninsula","name_ko":"무산담 페닌슐라","featurecla":"Pen/cape","min_label":5.4},"geometry":{"type":"Point","coordinates":[56.2694515,25.9870455]}},{"type":"Feature","properties":{"NAME":"Cobourg Pen.","name_ko":"코부르 페닌슐라","featurecla":"Pen/cape","min_label":6},"geometry":{"type":"Point","coordinates":[132.2567435,-11.403392499999999]}},{"type":"Feature","properties":{"NAME":"Noto Pen.","name_ko":"노토반도","featurecla":"Pen/cape","min_label":6},"geometry":{"type":"Point","coordinates":[137.03022449999997,37.169516]}},{"type":"Feature","properties":{"NAME":"Wilsons Promontory","name_ko":"윌슨스 프로몬토리","featurecla":"Pen/cape","min_label":6},"geometry":{"type":"Point","coordinates":[146.291881,-38.955072]}},{"type":"Feature","properties":{"NAME":"Datu Pen.","name_ko":"다투 페닌슐라","featurecla":"Pen/cape","min_label":5.4},"geometry":{"type":"Point","coordinates":[109.94591600000001,1.08497]}},{"type":"Feature","properties":{"NAME":"Taygonos Pen.","name_ko":"타이고노스 페닌슐라","featurecla":"Pen/cape","min_label":5.4},"geometry":{"type":"Point","coordinates":[161.546289,61.616245]}},{"type":"Feature","properties":{"NAME":"P’yagina Pen.","name_ko":"피아지나 페닌슐라","featurecla":"Pen/cape","min_label":5.4},"geometry":{"type":"Point","coordinates":[154.48093799999998,59.3078125]}},{"type":"Feature","properties":{"NAME":"Koni Pen.","name_ko":"코니 페닌슐라","featurecla":"Pen/cape","min_label":5.4},"geometry":{"type":"Point","coordinates":[151.7796075,59.049623499999996]}},{"type":"Feature","properties":{"NAME":"Boothia Peninsula","name_ko":"부티아 페닌슐라","featurecla":"Pen/cape","min_label":5.4},"geometry":{"type":"Point","coordinates":[-94.0578415,70.648072]}},{"type":"Feature","properties":{"NAME":"Foxe Pen.","name_ko":"폭스 페닌슐라","featurecla":"Pen/cape","min_label":5.4},"geometry":{"type":"Point","coordinates":[-76.76186100000001,64.853265]}},{"type":"Feature","properties":{"NAME":"Meta Incognita Pen.","name_ko":"메타 인코그니타 페닌슐라","featurecla":"Pen/cape","min_label":5.4},"geometry":{"type":"Point","coordinates":[-67.8646845,62.8421915]}},{"type":"Feature","properties":{"NAME":"Kenai Peninsula","name_ko":"케나이 페닌슐라","featurecla":"Pen/cape","min_label":5.4},"geometry":{"type":"Point","coordinates":[-149.996738,60.113833]}},{"type":"Feature","properties":{"NAME":"Seward Peninsula","name_ko":"수어드 페닌슐라","featurecla":"Pen/cape","min_label":5.4},"geometry":{"type":"Point","coordinates":[-164.5281635,65.530857]}},{"type":"Feature","properties":{"NAME":"Pen. de la Guajira","name_ko":"페닌슐라 데 라 구아지라","featurecla":"Pen/cape","min_label":6},"geometry":{"type":"Point","coordinates":[-72.1032845,11.935559999999999]}},{"type":"Feature","properties":{"NAME":"Pen. de Azuero","name_ko":"페닌슐라 데 아주에로","featurecla":"Pen/cape","min_label":5.4},"geometry":{"type":"Point","coordinates":[-80.53350900000001,7.724667999999999]}},{"type":"Feature","properties":{"NAME":"Great Karroo","name_ko":"그레이트 카루","featurecla":"Plateau","min_label":5.4},"geometry":{"type":"Point","coordinates":[22.1299545,-32.5359435]}},{"type":"Feature","properties":{"NAME":"Tagant","name_ko":"타간트주","featurecla":"Plateau","min_label":6},"geometry":{"type":"Point","coordinates":[-10.4865005,17.666602]}},{"type":"Feature","properties":{"NAME":"Fouta Djallon","name_ko":"푸타 얄롱","featurecla":"Plateau","min_label":5.4},"geometry":{"type":"Point","coordinates":[-12.404744,11.060828]}},{"type":"Feature","properties":{"NAME":"Plat. du Tademaït","name_ko":"플래투 뒤 타데마이트","featurecla":"Plateau","min_label":6},"geometry":{"type":"Point","coordinates":[2.500072,28.7525395]}},{"type":"Feature","properties":{"NAME":"Jilf al Kabir Plateau","name_ko":"질프 알 카비르 플래투","featurecla":"Plateau","min_label":6},"geometry":{"type":"Point","coordinates":[26.47578,24.144477000000002]}},{"type":"Feature","properties":{"NAME":"Jabal al Abyad Plateau","name_ko":"자발 알 아비아드 플래투","featurecla":"Plateau","min_label":6},"geometry":{"type":"Point","coordinates":[25.906871000000002,18.469184]}},{"type":"Feature","properties":{"NAME":"Libyan Plateau","name_ko":"리비안 플래투","featurecla":"Plateau","min_label":6},"geometry":{"type":"Point","coordinates":[24.593882999999998,30.858283]}},{"type":"Feature","properties":{"NAME":"Buckland Tableland","name_ko":"버클랜드 테이블랜드","featurecla":"Plateau","min_label":5.4},"geometry":{"type":"Point","coordinates":[147.667552,-24.515801500000002]}},{"type":"Feature","properties":{"NAME":"Atherton Tableland","name_ko":"애서튼 테이블랜드","featurecla":"Plateau","min_label":5.4},"geometry":{"type":"Point","coordinates":[145.2450125,-17.385796499999998]}},{"type":"Feature","properties":{"NAME":"Barkly Tableland","name_ko":"바클리 테이블랜드","featurecla":"Plateau","min_label":6},"geometry":{"type":"Point","coordinates":[136.24067200000002,-17.3773125]}},{"type":"Feature","properties":{"NAME":"Okhotsk-Kolyma Upland","name_ko":"오호츠크-콜리마 업랜드","featurecla":"Plateau","min_label":5.4},"geometry":{"type":"Point","coordinates":[149.88325,61.379126]}},{"type":"Feature","properties":{"NAME":"Chota Nägpur Plateau","name_ko":"초타 나그푸르 플래투","featurecla":"Plateau","min_label":5.4},"geometry":{"type":"Point","coordinates":[83.314647,23.143012]}},{"type":"Feature","properties":{"NAME":"Stavropol’ Plateau","name_ko":"스타브로폴 플래투","featurecla":"Plateau","min_label":5.4},"geometry":{"type":"Point","coordinates":[43.1977645,45.2731085]}},{"type":"Feature","properties":{"NAME":"Volga Upland","name_ko":"볼가 업랜드","featurecla":"Plateau","min_label":5.4},"geometry":{"type":"Point","coordinates":[46.2113755,52.328162000000006]}},{"type":"Feature","properties":{"NAME":"Dnieper Upland","name_ko":"드니퍼 업랜드","featurecla":"Plateau","min_label":5.4},"geometry":{"type":"Point","coordinates":[31.364574,48.747626]}},{"type":"Feature","properties":{"NAME":"Azov Upland","name_ko":"아조프 업랜드","featurecla":"Plateau","min_label":5.4},"geometry":{"type":"Point","coordinates":[37.186533999999995,47.7983465]}},{"type":"Feature","properties":{"NAME":"Massif Central","name_ko":"마시프상트랄","featurecla":"Plateau","min_label":5.4},"geometry":{"type":"Point","coordinates":[3.163585,44.853094999999996]}},{"type":"Feature","properties":{"NAME":"Finnmarks-vidda","name_ko":"핀마크스-비다","featurecla":"Plateau","min_label":5.4},"geometry":{"type":"Point","coordinates":[25.074962,69.0645815]}},{"type":"Feature","properties":{"NAME":"Chapada do Araripe","name_ko":"차파다 두 아라리페","featurecla":"Plateau","min_label":6},"geometry":{"type":"Point","coordinates":[-40.371205,-7.3276915]}},{"type":"Feature","properties":{"NAME":"Planalto da Borborema","name_ko":"플라날토 다 보르보레마","featurecla":"Plateau","min_label":6},"geometry":{"type":"Point","coordinates":[-37.222676,-7.5393615]}},{"type":"Feature","properties":{"NAME":"Northern Karroo","name_ko":"노턴 카루","featurecla":"Plateau","min_label":5.4},"geometry":{"type":"Point","coordinates":[21.933787000000002,-30.240716]}},{"type":"Feature","properties":{"NAME":"Salar de Uyuni","name_ko":"살라르 데 우유니","featurecla":"Desert","min_label":5.4},"geometry":{"type":"Point","coordinates":[-67.3930255,-20.249444]}},{"type":"Feature","properties":{"NAME":"Wahiba Sands","name_ko":"와히바 샌즈","featurecla":"Desert","min_label":5.4},"geometry":{"type":"Point","coordinates":[58.7325545,21.783697500000002]}},{"type":"Feature","properties":{"NAME":"Danakil","name_ko":"다나킬 사막","featurecla":"Desert","min_label":5.4},"geometry":{"type":"Point","coordinates":[41.751934500000004,12.7629765]}},{"type":"Feature","properties":{"NAME":"Negev Desert","name_ko":"네게브 사막","featurecla":"Desert","min_label":6},"geometry":{"type":"Point","coordinates":[34.838145499999996,30.481177]}},{"type":"Feature","properties":{"NAME":"Chalbi Desert","name_ko":"칼비 사막","featurecla":"Desert","min_label":5.4},"geometry":{"type":"Point","coordinates":[37.8793445,2.580939]}},{"type":"Feature","properties":{"NAME":"Eastern Desert","name_ko":"이스턴 사막","featurecla":"Desert","min_label":6},"geometry":{"type":"Point","coordinates":[33.7967295,26.333899000000002]}},{"type":"Feature","properties":{"NAME":"Trarza","name_ko":"트라자","featurecla":"Desert","min_label":6},"geometry":{"type":"Point","coordinates":[-14.300893,18.0281745]}},{"type":"Feature","properties":{"NAME":"Akchâr","name_ko":"악차르","featurecla":"Desert","min_label":6},"geometry":{"type":"Point","coordinates":[-11.8138325,20.726935]}},{"type":"Feature","properties":{"NAME":"Hamada de Tinrhert","name_ko":"하마다 드 틴레르트","featurecla":"Desert","min_label":6},"geometry":{"type":"Point","coordinates":[10.159801,29.713935]}},{"type":"Feature","properties":{"NAME":"‘Erg Iguidi","name_ko":"에르그 이구이디","featurecla":"Desert","min_label":6},"geometry":{"type":"Point","coordinates":[-3.1994219999999998,27.793494000000003]}},{"type":"Feature","properties":{"NAME":"Strzelecki Desert","name_ko":"스트젤레츠키 데저트","featurecla":"Desert","min_label":6},"geometry":{"type":"Point","coordinates":[141.6115825,-29.769647]}},{"type":"Feature","properties":{"NAME":"Simpson Desert","name_ko":"심프슨 사막","featurecla":"Desert","min_label":5.4},"geometry":{"type":"Point","coordinates":[137.35786000000002,-25.3175595]}},{"type":"Feature","properties":{"NAME":"Tanami Desert","name_ko":"타나미 데저트","featurecla":"Desert","min_label":6},"geometry":{"type":"Point","coordinates":[131.6571765,-19.6512995]}},{"type":"Feature","properties":{"NAME":"Rigestan","name_ko":"레기스탄 사막","featurecla":"Desert","min_label":5.4},"geometry":{"type":"Point","coordinates":[64.8053695,30.926642]}},{"type":"Feature","properties":{"NAME":"Margo Desert","name_ko":"다쉬테 사막","featurecla":"Desert","min_label":5.4},"geometry":{"type":"Point","coordinates":[63.159068500000004,31.288733]}},{"type":"Feature","properties":{"NAME":"Kavir Desert","name_ko":"카비르 사막","featurecla":"Desert","min_label":5.4},"geometry":{"type":"Point","coordinates":[54.879588,34.5347965]}},{"type":"Feature","properties":{"NAME":"An Nafud Desert","name_ko":"네푸드 사막","featurecla":"Desert","min_label":5.4},"geometry":{"type":"Point","coordinates":[42.174449,28.780921]}},{"type":"Feature","properties":{"NAME":"Big Bend","name_ko":"빅 벤드","featurecla":"Desert","min_label":6},"geometry":{"type":"Point","coordinates":[-103.6854445,30.060004]}},{"type":"Feature","properties":{"NAME":"Serengeti Plains","name_ko":"세렝게티","featurecla":"Plain","min_label":5.4},"geometry":{"type":"Point","coordinates":[34.4595445,-2.5916685]}},{"type":"Feature","properties":{"NAME":"Masai Steppe","name_ko":"마사이 스텝","featurecla":"Plain","min_label":5.4},"geometry":{"type":"Point","coordinates":[35.974376,-5.5109185]}},{"type":"Feature","properties":{"NAME":"Jabal Nafüsah","name_ko":"자발 나푸사","featurecla":"Plain","min_label":6},"geometry":{"type":"Point","coordinates":[12.0692245,32.827155000000005]}},{"type":"Feature","properties":{"NAME":"Darling Downs","name_ko":"달링 다운스","featurecla":"Plain","min_label":6},"geometry":{"type":"Point","coordinates":[149.874034,-27.445977499999998]}},{"type":"Feature","properties":{"NAME":"Tihāmah","name_ko":"티하마","featurecla":"Plain","min_label":5.4},"geometry":{"type":"Point","coordinates":[41.414317,17.90058]}},{"type":"Feature","properties":{"NAME":"Hasa Plain","name_ko":"하사 플레인","featurecla":"Plain","min_label":5.4},"geometry":{"type":"Point","coordinates":[48.6316025,27.325232]}},{"type":"Feature","properties":{"NAME":"Alföld","name_ko":"헝가리 대평원","featurecla":"Plain","min_label":5.4},"geometry":{"type":"Point","coordinates":[20.653453,46.7278205]}},{"type":"Feature","properties":{"NAME":"Baltic Plains","name_ko":"발틱 플레인스","featurecla":"Plain","min_label":4.7},"geometry":{"type":"Point","coordinates":[24.60056,57.440445]}},{"type":"Feature","properties":{"NAME":"Llano Estacado","name_ko":"래노에스터카도","featurecla":"Plain","min_label":5.4},"geometry":{"type":"Point","coordinates":[-102.635152,33.5995245]}},{"type":"Feature","properties":{"NAME":"Levant Coast","name_ko":"레반트 코스트","featurecla":"Coast","min_label":6},"geometry":{"type":"Point","coordinates":[35.4656365,34.243476]}},{"type":"Feature","properties":{"NAME":"Grain Coast","name_ko":"그레인 코스트","featurecla":"Coast","min_label":5.4},"geometry":{"type":"Point","coordinates":[-10.220725999999999,5.9942625]}},{"type":"Feature","properties":{"NAME":"Slave Coast","name_ko":"노예 해안","featurecla":"Coast","min_label":5.4},"geometry":{"type":"Point","coordinates":[2.9543565,6.3046125]}},{"type":"Feature","properties":{"NAME":"Ivory Coast","name_ko":"아이보리 코스트","featurecla":"Coast","min_label":5.4},"geometry":{"type":"Point","coordinates":[-4.9919635,4.894192500000001]}},{"type":"Feature","properties":{"NAME":"Gold Coast","name_ko":"골드 코스트","featurecla":"Coast","min_label":5.4},"geometry":{"type":"Point","coordinates":[-0.7533719999999999,5.450992]}},{"type":"Feature","properties":{"NAME":"Eighty Mile Beach","name_ko":"에이티 마일 비치","featurecla":"Coast","min_label":5.4},"geometry":{"type":"Point","coordinates":[120.78223750000001,-19.524659999999997]}},{"type":"Feature","properties":{"NAME":"Riviera","name_ko":"코트다쥐르","featurecla":"Coast","min_label":5.4},"geometry":{"type":"Point","coordinates":[7.7570905,43.886542]}},{"type":"Feature","properties":{"NAME":"King Frederik VI Coast","name_ko":"킹 프레데릭 VI 해안","featurecla":"Coast","min_label":5.4},"geometry":{"type":"Point","coordinates":[-42.077112,62.592160500000006]}},{"type":"Feature","properties":{"NAME":"Aoukâr","name_ko":"아우카르","featurecla":"Depression","min_label":6},"geometry":{"type":"Point","coordinates":[-9.2297565,16.4803835]}},{"type":"Feature","properties":{"NAME":"Bodélé Depression","name_ko":"보델레 디프레션","featurecla":"Depression","min_label":6},"geometry":{"type":"Point","coordinates":[16.5539045,16.8287415]}},{"type":"Feature","properties":{"NAME":"Vale of Kashmir","name_ko":"발리 오브 카슈미르","featurecla":"Valley","min_label":5.4},"geometry":{"type":"Point","coordinates":[76.2188825,33.249488]}},{"type":"Feature","properties":{"NAME":"Sundarbans","name_ko":"슌도르본","featurecla":"Wetlands","min_label":5.4},"geometry":{"type":"Point","coordinates":[89.371898,22.395592999999998]}},{"type":"Feature","properties":{"NAME":"El Gezira","name_ko":"엘 게지라","featurecla":"Geoarea","min_label":6},"geometry":{"type":"Point","coordinates":[33.2425035,13.4950015]}},{"type":"Feature","properties":{"NAME":"Dampier Land","name_ko":"댐피어 랜드","featurecla":"Geoarea","min_label":5.4},"geometry":{"type":"Point","coordinates":[122.82164850000001,-17.234702]}},{"type":"Feature","properties":{"NAME":"Normandie","name_ko":"노르망디","featurecla":"Geoarea","min_label":5.4},"geometry":{"type":"Point","coordinates":[-0.161018,49.1342535]}},{"type":"Feature","properties":{"NAME":"Bretagne","name_ko":"브르타뉴","featurecla":"Geoarea","min_label":5.4},"geometry":{"type":"Point","coordinates":[-2.846485,47.88956]}},{"type":"Feature","properties":{"NAME":"Finnish Lake Region","name_ko":"피니시 레이크 리전","featurecla":"Geoarea","min_label":5.4},"geometry":{"type":"Point","coordinates":[27.1052965,62.190558499999995]}},{"type":"Feature","properties":{"NAME":"Karelia","name_ko":"카렐리야 공화국","featurecla":"Geoarea","min_label":5.4},"geometry":{"type":"Point","coordinates":[32.141548,63.607977500000004]}},{"type":"Feature","properties":{"NAME":"Jameson Land","name_ko":"제임슨 랜드","featurecla":"Geoarea","min_label":5.4},"geometry":{"type":"Point","coordinates":[-23.5766305,71.4373295]}},{"type":"Feature","properties":{"NAME":"King Christian IX Land","name_ko":"킹 크리스티안 IX 랜드","featurecla":"Geoarea","min_label":5.4},"geometry":{"type":"Point","coordinates":[-30.9608345,68.0694185]}},{"type":"Feature","properties":{"NAME":"King Christian X Land","name_ko":"킹 크리스찬 X 랜드","featurecla":"Geoarea","min_label":5.4},"geometry":{"type":"Point","coordinates":[-25.347882499999997,72.216834]}},{"type":"Feature","properties":{"NAME":"King Wilhelm Land","name_ko":"킹 빌헬름 랜드","featurecla":"Geoarea","min_label":5.4},"geometry":{"type":"Point","coordinates":[-20.6088325,75.40647]}},{"type":"Feature","properties":{"NAME":"King Frederik VIII Land","name_ko":"킹 프레데릭 VIII 랜드","featurecla":"Geoarea","min_label":5.4},"geometry":{"type":"Point","coordinates":[-19.9372495,78.5195935]}},{"type":"Feature","properties":{"NAME":"Crown Prince Christian Land","name_ko":"크라운 프린스 크리스천 랜드","featurecla":"Geoarea","min_label":5.4},"geometry":{"type":"Point","coordinates":[-16.5234015,81.085556]}},{"type":"Feature","properties":{"NAME":"Peary Land","name_ko":"퍼리 랜드","featurecla":"Geoarea","min_label":5.4},"geometry":{"type":"Point","coordinates":[-30.4710455,82.457187]}},{"type":"Feature","properties":{"NAME":"Nyeboe Land","name_ko":"니보에 랜드","featurecla":"Geoarea","min_label":5.4},"geometry":{"type":"Point","coordinates":[-56.0280915,81.74527599999999]}},{"type":"Feature","properties":{"NAME":"HAINAN","name_ko":"하이난섬","featurecla":"Island","min_label":5.3},"geometry":{"type":"Point","coordinates":[109.8246585,19.178003]}},{"type":"Feature","properties":{"NAME":"Komsomolets I.","name_ko":"콤소몰레츠섬","featurecla":"Island","min_label":5.3},"geometry":{"type":"Point","coordinates":[94.696875,80.610239]}},{"type":"Feature","properties":{"NAME":"Bol’shevik I.","name_ko":"볼셰비크섬","featurecla":"Island","min_label":5.3},"geometry":{"type":"Point","coordinates":[102.3148925,78.6933935]}},{"type":"Feature","properties":{"NAME":"October Revolution I.","name_ko":"옥탸브리스코이레볼류치섬","featurecla":"Island","min_label":5.3},"geometry":{"type":"Point","coordinates":[96.685547,79.4780275]}},{"type":"Feature","properties":{"NAME":"Arctic Institute I.","name_ko":"악틱 인스티튜트 아일랜드","featurecla":"Island","min_label":5.3},"geometry":{"type":"Point","coordinates":[81.862915,75.381372]}},{"type":"Feature","properties":{"NAME":"Shmidta I.","name_ko":"슈미타 아일랜드","featurecla":"Island","min_label":5.3},"geometry":{"type":"Point","coordinates":[90.73418000000001,81.1387695]}},{"type":"Feature","properties":{"NAME":"Isla de Chiloé","name_ko":"칠로에섬","featurecla":"Island","min_label":5.3},"geometry":{"type":"Point","coordinates":[-73.905127,-42.5966245]}},{"type":"Feature","properties":{"NAME":"Ceram","name_ko":"스람섬","featurecla":"Island","min_label":5.3},"geometry":{"type":"Point","coordinates":[129.3689455,-3.3217285]}},{"type":"Feature","properties":{"NAME":"Halmahera","name_ko":"할마헤라섬","featurecla":"Island","min_label":5.3},"geometry":{"type":"Point","coordinates":[128.159961,0.6531735]}},{"type":"Feature","properties":{"NAME":"TIMOR","name_ko":"티모르섬","featurecla":"Island","min_label":5.3},"geometry":{"type":"Point","coordinates":[125.442676,-9.331445500000001]}},{"type":"Feature","properties":{"NAME":"Palawan","name_ko":"팔라완섬","featurecla":"Island","min_label":5.3},"geometry":{"type":"Point","coordinates":[118.45273449999999,9.8568605]}},{"type":"Feature","properties":{"NAME":"Bohol","name_ko":"보홀섬","featurecla":"Island","min_label":5.3},"geometry":{"type":"Point","coordinates":[124.205518,9.87998]}},{"type":"Feature","properties":{"NAME":"Negros","name_ko":"네그로스섬","featurecla":"Island","min_label":5.3},"geometry":{"type":"Point","coordinates":[122.984194,10.023657]}},{"type":"Feature","properties":{"NAME":"Leyte","name_ko":"레이테섬","featurecla":"Island","min_label":5.3},"geometry":{"type":"Point","coordinates":[124.78833,10.784155]}},{"type":"Feature","properties":{"NAME":"Samar","name_ko":"사마르섬","featurecla":"Island","min_label":5.3},"geometry":{"type":"Point","coordinates":[125.021924,11.811084000000001]}},{"type":"Feature","properties":{"NAME":"Panay","name_ko":"파나이섬","featurecla":"Island","min_label":5.3},"geometry":{"type":"Point","coordinates":[122.524756,11.170874000000001]}},{"type":"Feature","properties":{"NAME":"Mindoro","name_ko":"민도로섬","featurecla":"Island","min_label":5.3},"geometry":{"type":"Point","coordinates":[120.939551,12.8694545]}},{"type":"Feature","properties":{"NAME":"Cyprus","name_ko":"키프로스섬","featurecla":"Island","min_label":5.3},"geometry":{"type":"Point","coordinates":[33.428516,35.115885000000006]}},{"type":"Feature","properties":{"NAME":"BANKS ISLAND","name_ko":"뱅크스섬","featurecla":"Island","min_label":5.3},"geometry":{"type":"Point","coordinates":[-120.619067,72.8165525]}},{"type":"Feature","properties":{"NAME":"Jamaica","name_ko":"자메이카","featurecla":"Island","min_label":5.3},"geometry":{"type":"Point","coordinates":[-77.2793905,18.120544]}},{"type":"Feature","properties":{"NAME":"Puerto Rico","name_ko":"푸에르토 리코","featurecla":"Island","min_label":5.3},"geometry":{"type":"Point","coordinates":[-66.444277,18.229627999999998]}},{"type":"Feature","properties":{"NAME":"Trinidad","name_ko":"트리니다드섬","featurecla":"Island","min_label":5.3},"geometry":{"type":"Point","coordinates":[-61.356596499999995,10.45009]}},{"type":"Feature","properties":{"NAME":"Prince Edward I.","name_ko":"프린스 에드워드 I.","featurecla":"Island","min_label":5.3},"geometry":{"type":"Point","coordinates":[-63.216975500000004,46.487173999999996]}},{"type":"Feature","properties":{"NAME":"Cape Breton Island","name_ko":"케이프브레튼 섬","featurecla":"Island","min_label":5.3},"geometry":{"type":"Point","coordinates":[-60.672373,46.2483615]}},{"type":"Feature","properties":{"NAME":"HISPANIOLA","name_ko":"히스파니올라섬","featurecla":"Island","min_label":5.3},"geometry":{"type":"Point","coordinates":[-71.408164,18.7943585]}},{"type":"Feature","properties":{"NAME":"CUBA","name_ko":"쿠바섬","featurecla":"Island","min_label":5.3},"geometry":{"type":"Point","coordinates":[-79.519315,21.516434]}},{"type":"Feature","properties":{"NAME":"Zambezi Delta","name_ko":"잠베지 델타","featurecla":"Delta","min_label":5.3},"geometry":{"type":"Point","coordinates":[36.2322495,-18.526239]}},{"type":"Feature","properties":{"NAME":"Nile Delta","name_ko":"나일강 삼각주","featurecla":"Delta","min_label":5.3},"geometry":{"type":"Point","coordinates":[30.9430045,30.838416000000002]}},{"type":"Feature","properties":{"NAME":"Lena Delta","name_ko":"레나 델타","featurecla":"Delta","min_label":5.3},"geometry":{"type":"Point","coordinates":[126.3540715,72.917163]}},{"type":"Feature","properties":{"NAME":"Indus Delta","name_ko":"인더스 델타","featurecla":"Delta","min_label":5.3},"geometry":{"type":"Point","coordinates":[67.770843,24.382056]}},{"type":"Feature","properties":{"NAME":"Irrawaddy Delta","name_ko":"이라와디 델타","featurecla":"Delta","min_label":5.3},"geometry":{"type":"Point","coordinates":[95.3208185,16.7786775]}},{"type":"Feature","properties":{"NAME":"Ganges Delta","name_ko":"갠지스 삼각주","featurecla":"Delta","min_label":5.3},"geometry":{"type":"Point","coordinates":[89.50989799999999,23.006943]}},{"type":"Feature","properties":{"NAME":"Malabar Coast","name_ko":"말라바르 코스트","featurecla":"Coast","min_label":5.3},"geometry":{"type":"Point","coordinates":[75.7007275,11.3095655]}},{"type":"Feature","properties":{"NAME":"Coromandel Coast","name_ko":"코로만델 코스트","featurecla":"Coast","min_label":5.3},"geometry":{"type":"Point","coordinates":[80.059268,13.0805]}},{"type":"Feature","properties":{"NAME":"Anti Atlas","name_ko":"안티 아틀라스","featurecla":"Range/mtn","min_label":6},"geometry":{"type":"Point","coordinates":[-7.5716755,30.049018]}},{"type":"Feature","properties":{"NAME":"Muchinga Mts.","name_ko":"무칭가 마운틴스","featurecla":"Range/mtn","min_label":5.3},"geometry":{"type":"Point","coordinates":[29.6772565,-14.321587999999998]}},{"type":"Feature","properties":{"NAME":"Serra do Mar","name_ko":"세라 도 마르","featurecla":"Range/mtn","min_label":5.3},"geometry":{"type":"Point","coordinates":[-49.0041095,-27.2219145]}},{"type":"Feature","properties":{"NAME":"Serra Geral","name_ko":"세라 게랄","featurecla":"Range/mtn","min_label":5.3},"geometry":{"type":"Point","coordinates":[-51.640919499999995,-26.49505]}},{"type":"Feature","properties":{"NAME":"Serra da Mantiqueira","name_ko":"세라 다 만티케이라","featurecla":"Range/mtn","min_label":5.3},"geometry":{"type":"Point","coordinates":[-45.2880445,-22.849969]}},{"type":"Feature","properties":{"NAME":"GUIANA HIGHLANDS","name_ko":"기아나 고지","featurecla":"Range/mtn","min_label":5.3},"geometry":{"type":"Point","coordinates":[-63.0867205,5.292517500000001]}},{"type":"Feature","properties":{"NAME":"Sierra Chiapas","name_ko":"시에라 치아파스","featurecla":"Range/mtn","min_label":5.3},"geometry":{"type":"Point","coordinates":[-92.837941,16.3565435]}},{"type":"Feature","properties":{"NAME":"SELWYN MTS.","name_ko":"셀윈 마운틴스","featurecla":"Range/mtn","min_label":4},"geometry":{"type":"Point","coordinates":[-128.815694,62.0247255]}},{"type":"Feature","properties":{"NAME":"COLUMBIA MTS.","name_ko":"콜럼비아 마운틴스","featurecla":"Range/mtn","min_label":4.7},"geometry":{"type":"Point","coordinates":[-119.5276075,51.8037475]}},{"type":"Feature","properties":{"NAME":"TORNGAT MTS.","name_ko":"토르가트 마운틴스","featurecla":"Range/mtn","min_label":4.7},"geometry":{"type":"Point","coordinates":[-63.889922,59.4830995]}},{"type":"Feature","properties":{"NAME":"NEW GUINEA HIGHLANDS","name_ko":"뉴 기니 하이랜즈","featurecla":"Range/mtn","min_label":5.3},"geometry":{"type":"Point","coordinates":[142.304332,-6.4012385]}},{"type":"Feature","properties":{"NAME":"Hangayn Mts.","name_ko":"항가이산맥","featurecla":"Range/mtn","min_label":5.3},"geometry":{"type":"Point","coordinates":[99.797313,47.1875065]}},{"type":"Feature","properties":{"NAME":"Hamgyong Mts.","name_ko":"함경산맥","featurecla":"Range/mtn","min_label":5.3},"geometry":{"type":"Point","coordinates":[128.5448715,41.174262]}},{"type":"Feature","properties":{"NAME":"SREDINNYY RANGE","name_ko":"스레디니 레인지","featurecla":"Range/mtn","min_label":5.3},"geometry":{"type":"Point","coordinates":[160.4426985,57.039771]}},{"type":"Feature","properties":{"NAME":"Koryak Range","name_ko":"코랴크 레인지","featurecla":"Range/mtn","min_label":5.3},"geometry":{"type":"Point","coordinates":[171.10285499999998,62.1186585]}},{"type":"Feature","properties":{"NAME":"KOLYMA RANGE","name_ko":"콜리마 레인지","featurecla":"Range/mtn","min_label":5.3},"geometry":{"type":"Point","coordinates":[159.493846,62.892675999999994]}},{"type":"Feature","properties":{"NAME":"CHERSKIY RANGE","name_ko":"체르스키 레인지","featurecla":"Range/mtn","min_label":4.7},"geometry":{"type":"Point","coordinates":[141.979442,66.456061]}},{"type":"Feature","properties":{"NAME":"Chin Hills","name_ko":"친 힐즈","featurecla":"Range/mtn","min_label":5.3},"geometry":{"type":"Point","coordinates":[93.0312605,22.6211005]}},{"type":"Feature","properties":{"NAME":"Yin Mts.","name_ko":"인산산맥","featurecla":"Range/mtn","min_label":5.3},"geometry":{"type":"Point","coordinates":[108.70392899999999,41.6194215]}},{"type":"Feature","properties":{"NAME":"Western Sayan Mts.","name_ko":"웨스턴 사얀 마운틴스","featurecla":"Range/mtn","min_label":5.3},"geometry":{"type":"Point","coordinates":[93.43702250000001,52.275152500000004]}},{"type":"Feature","properties":{"NAME":"Abakanskiy Ra.","name_ko":"아바칸스키 라","featurecla":"Range/mtn","min_label":5.3},"geometry":{"type":"Point","coordinates":[89.7785145,51.66471]}},{"type":"Feature","properties":{"NAME":"Tannu-Ola Ra.","name_ko":"탄누올라 레인지","featurecla":"Range/mtn","min_label":5.3},"geometry":{"type":"Point","coordinates":[93.4093735,50.733588]}},{"type":"Feature","properties":{"NAME":"Taihang Mts.","name_ko":"타이항산맥","featurecla":"Range/mtn","min_label":5.3},"geometry":{"type":"Point","coordinates":[113.8868515,38.5109015]}},{"type":"Feature","properties":{"NAME":"Lüliang Mts.","name_ko":"뤼량 마운틴스","featurecla":"Range/mtn","min_label":5.3},"geometry":{"type":"Point","coordinates":[112.0852155,37.8643255]}},{"type":"Feature","properties":{"NAME":"Qinling Mountains","name_ko":"친링 산맥","featurecla":"Range/mtn","min_label":5.3},"geometry":{"type":"Point","coordinates":[109.61609949999999,33.69126]}},{"type":"Feature","properties":{"NAME":"Dalou Mts.","name_ko":"달로우 마운틴스","featurecla":"Range/mtn","min_label":5.3},"geometry":{"type":"Point","coordinates":[106.094554,28.019507]}},{"type":"Feature","properties":{"NAME":"Dângrêk Ra.","name_ko":"당그레크 레인지","featurecla":"Range/mtn","min_label":5.3},"geometry":{"type":"Point","coordinates":[103.203136,14.699561]}},{"type":"Feature","properties":{"NAME":"Naga Hills","name_ko":"나가 힐즈","featurecla":"Range/mtn","min_label":5.3},"geometry":{"type":"Point","coordinates":[94.61036200000001,25.3155585]}},{"type":"Feature","properties":{"NAME":"Arakan Yoma","name_ko":"아라칸 산맥","featurecla":"Range/mtn","min_label":5.3},"geometry":{"type":"Point","coordinates":[94.1908675,19.284888]}},{"type":"Feature","properties":{"NAME":"Southern Ghats","name_ko":"사우던 고츠","featurecla":"Range/mtn","min_label":5.3},"geometry":{"type":"Point","coordinates":[77.47230099999999,9.499640500000002]}},{"type":"Feature","properties":{"NAME":"Satpura Range","name_ko":"삿푸라 레인지","featurecla":"Range/mtn","min_label":5.3},"geometry":{"type":"Point","coordinates":[77.4375715,22.02085]}},{"type":"Feature","properties":{"NAME":"Salt Ra.","name_ko":"솔트 레인지","featurecla":"Range/mtn","min_label":5.3},"geometry":{"type":"Point","coordinates":[73.94623899999999,33.5318055]}},{"type":"Feature","properties":{"NAME":"Borohoro Mts.","name_ko":"보로호로 마운틴","featurecla":"Range/mtn","min_label":5.3},"geometry":{"type":"Point","coordinates":[84.024547,43.9492255]}},{"type":"Feature","properties":{"NAME":"Alataw Mts.","name_ko":"알라타우 마운틴스","featurecla":"Range/mtn","min_label":5.3},"geometry":{"type":"Point","coordinates":[80.02357,45.1213135]}},{"type":"Feature","properties":{"NAME":"Khasi Hills","name_ko":"카시 힐스","featurecla":"Range/mtn","min_label":5.3},"geometry":{"type":"Point","coordinates":[92.1350205,25.875403]}},{"type":"Feature","properties":{"NAME":"Lesser Caucasus","name_ko":"말리캅카스산맥","featurecla":"Range/mtn","min_label":5.3},"geometry":{"type":"Point","coordinates":[44.5531115,40.636359]}},{"type":"Feature","properties":{"NAME":"PONTIC MOUNTAINS","name_ko":"폰투스산맥","featurecla":"Range/mtn","min_label":5.3},"geometry":{"type":"Point","coordinates":[38.039012,41.0315615]}},{"type":"Feature","properties":{"NAME":"KUH RUD MOUNTAINS","name_ko":"쿠 루드 마운틴스","featurecla":"Range/mtn","min_label":5.3},"geometry":{"type":"Point","coordinates":[53.082774,31.904089499999998]}},{"type":"Feature","properties":{"NAME":"Balkan Mts.","name_ko":"발칸산맥","featurecla":"Range/mtn","min_label":5.3},"geometry":{"type":"Point","coordinates":[24.879161,43.159766000000005]}},{"type":"Feature","properties":{"NAME":"Dinaric Alps","name_ko":"디나르알프스산맥","featurecla":"Range/mtn","min_label":5.3},"geometry":{"type":"Point","coordinates":[17.6197615,44.011472499999996]}},{"type":"Feature","properties":{"NAME":"Cord. Cantábrica","name_ko":"칸타브리아산맥","featurecla":"Range/mtn","min_label":5.3},"geometry":{"type":"Point","coordinates":[-4.6595655,43.0547855]}},{"type":"Feature","properties":{"NAME":"S. Nevada","name_ko":"시에라네바다산맥","featurecla":"Range/mtn","min_label":5.3},"geometry":{"type":"Point","coordinates":[-3.342305,37.3757385]}},{"type":"Feature","properties":{"NAME":"Sierra Morena","name_ko":"시에라 모레나","featurecla":"Range/mtn","min_label":6},"geometry":{"type":"Point","coordinates":[-4.851674,38.098395]}},{"type":"Feature","properties":{"NAME":"Hadhramaut","name_ko":"하드라마우트","featurecla":"Range/mtn","min_label":5.3},"geometry":{"type":"Point","coordinates":[49.203196500000004,15.2468935]}},{"type":"Feature","properties":{"NAME":"Idhän Murzuq","name_ko":"이단 무르주크","featurecla":"Desert","min_label":5.3},"geometry":{"type":"Point","coordinates":[13.259837000000001,24.739783000000003]}},{"type":"Feature","properties":{"NAME":"Hamada du Drâa","name_ko":"하마다 뒤 드라","featurecla":"Desert","min_label":6},"geometry":{"type":"Point","coordinates":[-6.5177505,29.070104999999998]}},{"type":"Feature","properties":{"NAME":"Ténéré","name_ko":"테레네 사막","featurecla":"Desert","min_label":5.3},"geometry":{"type":"Point","coordinates":[12.316173000000001,19.3929815]}},{"type":"Feature","properties":{"NAME":"Tassili oua-n-Ahaggar","name_ko":"타실리 앙그라","featurecla":"Desert","min_label":6},"geometry":{"type":"Point","coordinates":[6.3498035,21.388373]}},{"type":"Feature","properties":{"NAME":"Tassili-n-Ajjer","name_ko":"타실리 나제르","featurecla":"Desert","min_label":5.3},"geometry":{"type":"Point","coordinates":[8.2063705,25.1146915]}},{"type":"Feature","properties":{"NAME":"Sarïr Kalanshiyu ar Ramli al Kabi","name_ko":"사리르 칼란시유 아르 람리 알 카비","featurecla":"Desert","min_label":6},"geometry":{"type":"Point","coordinates":[22.4739485,27.9346375]}},{"type":"Feature","properties":{"NAME":"Grand Erg Oriental","name_ko":"그랜드 에르그 오리엔탈","featurecla":"Desert","min_label":4.7},"geometry":{"type":"Point","coordinates":[6.9164535,30.7127445]}},{"type":"Feature","properties":{"NAME":"Grand Erg Occidental","name_ko":"그랜드 에르그 옥시덴탈","featurecla":"Desert","min_label":5.3},"geometry":{"type":"Point","coordinates":[0.533366,30.778876000000004]}},{"type":"Feature","properties":{"NAME":"‘Erg Chech","name_ko":"에르그 체흐","featurecla":"Desert","min_label":5.3},"geometry":{"type":"Point","coordinates":[-3.0472915,25.401221]}},{"type":"Feature","properties":{"NAME":"El Djouf","name_ko":"엘 주프","featurecla":"Desert","min_label":5.3},"geometry":{"type":"Point","coordinates":[-6.817647,21.4236515]}},{"type":"Feature","properties":{"NAME":"CHIHUAHUAN DESERT","name_ko":"치와와 사막","featurecla":"Desert","min_label":5.3},"geometry":{"type":"Point","coordinates":[-105.746632,29.274237]}},{"type":"Feature","properties":{"NAME":"SONORAN DESERT","name_ko":"소노라 사막","featurecla":"Desert","min_label":4.7},"geometry":{"type":"Point","coordinates":[-113.3217975,31.2816835]}},{"type":"Feature","properties":{"NAME":"Great Salt Lake Desert","name_ko":"그레이트 솔트 레이크 데저트","featurecla":"Desert","min_label":5.3},"geometry":{"type":"Point","coordinates":[-113.52043649999999,40.6915345]}},{"type":"Feature","properties":{"NAME":"Gibson Desert","name_ko":"기브슨 사막","featurecla":"Desert","min_label":5.3},"geometry":{"type":"Point","coordinates":[125.02137300000001,-24.4321835]}},{"type":"Feature","properties":{"NAME":"Mu Us Desert","name_ko":"오르도스 사막","featurecla":"Desert","min_label":5.3},"geometry":{"type":"Point","coordinates":[108.204417,39.080207]}},{"type":"Feature","properties":{"NAME":"TAKLIMAKAN DESERT","name_ko":"타커라마간 사막","featurecla":"Desert","min_label":5.3},"geometry":{"type":"Point","coordinates":[82.966441,38.9108035]}},{"type":"Feature","properties":{"NAME":"LUT DESERT","name_ko":"루트 사막","featurecla":"Desert","min_label":5.3},"geometry":{"type":"Point","coordinates":[58.1196395,31.7367005]}},{"type":"Feature","properties":{"NAME":"Costa de los Mosquitos","name_ko":"코스타 데 로스 모스키토스","featurecla":"Coast","min_label":5.3},"geometry":{"type":"Point","coordinates":[-84.07320100000001,13.8537965]}},{"type":"Feature","properties":{"NAME":"Dalmatia","name_ko":"달마티아","featurecla":"Coast","min_label":5.3},"geometry":{"type":"Point","coordinates":[16.2179985,43.7742435]}},{"type":"Feature","properties":{"NAME":"CHUKCHI PENINSULA","name_ko":"축치반도","featurecla":"Pen/cape","min_label":5.3},"geometry":{"type":"Point","coordinates":[-174.4331465,66.412775]}},{"type":"Feature","properties":{"NAME":"Cumberland Peninsula","name_ko":"컴벌랜드 페닌슐라","featurecla":"Pen/cape","min_label":5.3},"geometry":{"type":"Point","coordinates":[-64.218508,66.67936750000001]}},{"type":"Feature","properties":{"NAME":"Melville Peninsula","name_ko":"멜빌반도","featurecla":"Pen/cape","min_label":5.3},"geometry":{"type":"Point","coordinates":[-84.26209650000001,68.188018]}},{"type":"Feature","properties":{"NAME":"PÉNINSULE D’UNGAVA","name_ko":"페닌슐라 웅가바","featurecla":"Pen/cape","min_label":4.7},"geometry":{"type":"Point","coordinates":[-73.381137,59.526354999999995]}},{"type":"Feature","properties":{"NAME":"Gaspé Peninsula","name_ko":"가스페 반도","featurecla":"Pen/cape","min_label":5},"geometry":{"type":"Point","coordinates":[-65.711995,48.629045500000004]}},{"type":"Feature","properties":{"NAME":"KOREA","name_ko":"한반도","featurecla":"Pen/cape","min_label":5.3},"geometry":{"type":"Point","coordinates":[126.8988645,37.7228615]}},{"type":"Feature","properties":{"NAME":"GYDA PENINSULA","name_ko":"기다 페닌슐라","featurecla":"Pen/cape","min_label":5.3},"geometry":{"type":"Point","coordinates":[75.988677,70.8729085]}},{"type":"Feature","properties":{"NAME":"Cape Chelyuskin","name_ko":"첼류스킨곶","featurecla":"Pen/cape","min_label":5.3},"geometry":{"type":"Point","coordinates":[105.02185549999999,77.4133055]}},{"type":"Feature","properties":{"NAME":"Liaodong Pen.","name_ko":"랴오둥반도","featurecla":"Pen/cape","min_label":5.3},"geometry":{"type":"Point","coordinates":[122.7033985,39.978037]}},{"type":"Feature","properties":{"NAME":"Kathiawar Pen.","name_ko":"카티아와르 페닌슐라","featurecla":"Pen/cape","min_label":5.3},"geometry":{"type":"Point","coordinates":[70.6381835,21.75972]}},{"type":"Feature","properties":{"NAME":"Leizhou Pen.","name_ko":"레이저우반도","featurecla":"Pen/cape","min_label":5.3},"geometry":{"type":"Point","coordinates":[110.09008800000001,20.872098]}},{"type":"Feature","properties":{"NAME":"Iwembere Steppe","name_ko":"이웸베르 스텝","featurecla":"Plain","min_label":6},"geometry":{"type":"Point","coordinates":[32.144481,-5.83941]}},{"type":"Feature","properties":{"NAME":"Yukon Flats","name_ko":"유콘 플랫","featurecla":"Plain","min_label":5.3},"geometry":{"type":"Point","coordinates":[-145.993826,66.4705265]}},{"type":"Feature","properties":{"NAME":"LES LAURENTIDES","name_ko":"레 로랑타이드","featurecla":"Plain","min_label":4.7},"geometry":{"type":"Point","coordinates":[-67.866397,49.2648075]}},{"type":"Feature","properties":{"NAME":"Adamawa Plateau","name_ko":"아다마와고원","featurecla":"Plateau","min_label":5.3},"geometry":{"type":"Point","coordinates":[11.9767565,6.6599185]}},{"type":"Feature","properties":{"NAME":"Huíla Plateau","name_ko":"우일라 플래투","featurecla":"Plateau","min_label":5.3},"geometry":{"type":"Point","coordinates":[14.3314925,-15.803216]}},{"type":"Feature","properties":{"NAME":"Bié Plateau","name_ko":"비에 플래투","featurecla":"Plateau","min_label":5.3},"geometry":{"type":"Point","coordinates":[19.087291,-12.632622999999999]}},{"type":"Feature","properties":{"NAME":"Campos Sertão","name_ko":"캄포스 세르탕","featurecla":"Plateau","min_label":5.3},"geometry":{"type":"Point","coordinates":[-45.393819,-15.168267499999999]}},{"type":"Feature","properties":{"NAME":"Ozark Plateau","name_ko":"오자크 플래투","featurecla":"Plateau","min_label":5.3},"geometry":{"type":"Point","coordinates":[-92.27592949999999,36.392127]}},{"type":"Feature","properties":{"NAME":"Edwards Plateau","name_ko":"에드워즈 플래투","featurecla":"Plateau","min_label":5.3},"geometry":{"type":"Point","coordinates":[-99.30544,31.4609135]}},{"type":"Feature","properties":{"NAME":"FRASER PLATEAU","name_ko":"프레이저 플래투","featurecla":"Plateau","min_label":5.3},"geometry":{"type":"Point","coordinates":[-123.900166,53.313544]}},{"type":"Feature","properties":{"NAME":"Superior Upland","name_ko":"슈페리어 업랜드","featurecla":"Plateau","min_label":5.3},"geometry":{"type":"Point","coordinates":[-89.134999,46.594580500000006]}},{"type":"Feature","properties":{"NAME":"KIMBERLEY PLATEAU","name_ko":"킴벌리 플래투","featurecla":"Plateau","min_label":5.3},"geometry":{"type":"Point","coordinates":[126.5794785,-16.087884]}},{"type":"Feature","properties":{"NAME":"KAZAKH UPLAND","name_ko":"카작 업랜드","featurecla":"Plateau","min_label":5.3},"geometry":{"type":"Point","coordinates":[73.8206895,48.498877]}},{"type":"Feature","properties":{"NAME":"Ustyurt Plateau","name_ko":"우스튜르트 플래투","featurecla":"Plateau","min_label":5.3},"geometry":{"type":"Point","coordinates":[55.26411,44.0080935]}},{"type":"Feature","properties":{"NAME":"STANOVOY UPLAND","name_ko":"스타노보이 업랜드","featurecla":"Plateau","min_label":5.3},"geometry":{"type":"Point","coordinates":[112.353099,56.812995]}},{"type":"Feature","properties":{"NAME":"Loess Plateau","name_ko":"황투고원","featurecla":"Plateau","min_label":5.3},"geometry":{"type":"Point","coordinates":[107.441661,36.167731]}},{"type":"Feature","properties":{"NAME":"Junggar Basin","name_ko":"중가 베이신","featurecla":"Basin","min_label":5.3},"geometry":{"type":"Point","coordinates":[86.4192,44.951392]}},{"type":"Feature","properties":{"NAME":"Qaidam Basin","name_ko":"차이다무 분지","featurecla":"Basin","min_label":5.3},"geometry":{"type":"Point","coordinates":[95.0064805,37.2287965]}},{"type":"Feature","properties":{"NAME":"KOLYMA LOWLAND","name_ko":"콜리마 로랜드","featurecla":"Lowland","min_label":4.7},"geometry":{"type":"Point","coordinates":[154.74152650000002,68.9121765]}},{"type":"Feature","properties":{"NAME":"VYCHEGDA LOWLAND","name_ko":"비체다 로우랜드","featurecla":"Lowland","min_label":5.3},"geometry":{"type":"Point","coordinates":[52.2885845,62.3746095]}},{"type":"Feature","properties":{"NAME":"Ogaden","name_ko":"오가덴","featurecla":"Geoarea","min_label":5.3},"geometry":{"type":"Point","coordinates":[44.485118,6.7635559999999995]}},{"type":"Feature","properties":{"NAME":"Banaadir Coast","name_ko":"바나디르 코스트","featurecla":"Geoarea","min_label":6},"geometry":{"type":"Point","coordinates":[46.949883,5.7947755]}},{"type":"Feature","properties":{"NAME":"Riverina","name_ko":"리베리나","featurecla":"Geoarea","min_label":5.3},"geometry":{"type":"Point","coordinates":[146.00342849999998,-34.583733499999994]}},{"type":"Feature","properties":{"NAME":"Hexi Corridor","name_ko":"하서주랑","featurecla":"Geoarea","min_label":5.3},"geometry":{"type":"Point","coordinates":[99.672984,39.483008]}},{"type":"Feature","properties":{"NAME":"BALUCHISTAN","name_ko":"발루치스탄","featurecla":"Geoarea","min_label":5.3},"geometry":{"type":"Point","coordinates":[61.881114,27.825235]}},{"type":"Feature","properties":{"NAME":"LAPLAND","name_ko":"라피 지역","featurecla":"Geoarea","min_label":5.3},"geometry":{"type":"Point","coordinates":[23.858897499999998,67.40634800000001]}},{"type":"Feature","properties":{"NAME":"Grand Canyon","name_ko":"그랜드 캐니언","featurecla":"Gorge","min_label":5.3},"geometry":{"type":"Point","coordinates":[-112.7226455,36.2623965]}},{"type":"Feature","properties":{"NAME":"Yangtze Gorges","name_ko":"장강삼협","featurecla":"Gorge","min_label":5.3},"geometry":{"type":"Point","coordinates":[109.674815,30.836005]}},{"type":"Feature","properties":{"NAME":"Tsangpo Gorge","name_ko":"생포 고지","featurecla":"Gorge","min_label":5.3},"geometry":{"type":"Point","coordinates":[95.243602,28.844458500000002]}},{"type":"Feature","properties":{"NAME":"Valle Longitudinal","name_ko":"발레 세로","featurecla":"Valley","min_label":5.3},"geometry":{"type":"Point","coordinates":[-72.1638685,-38.2289975]}},{"type":"Feature","properties":{"NAME":"Central Valley","name_ko":"센트럴밸리","featurecla":"Valley","min_label":5.6},"geometry":{"type":"Point","coordinates":[-120.7873125,37.9018315]}},{"type":"Feature","properties":{"NAME":"Entre Rios","name_ko":"엔트레 리오스","featurecla":"Wetlands","min_label":5.3},"geometry":{"type":"Point","coordinates":[-58.3496295,-30.849176]}},{"type":"Feature","properties":{"NAME":"Bol’shoy Begichev I.","name_ko":"볼쇼이 베기체프 아일랜드","featurecla":"Island","min_label":5},"geometry":{"type":"Point","coordinates":[112.4400275,74.321763]}},{"type":"Feature","properties":{"NAME":"Great Nicobar","name_ko":"그레이트 니코바르","featurecla":"Island","min_label":5},"geometry":{"type":"Point","coordinates":[93.763428,7.079639]}},{"type":"Feature","properties":{"NAME":"S. Andaman","name_ko":"남안다만섬","featurecla":"Island","min_label":6},"geometry":{"type":"Point","coordinates":[92.6840415,11.8579715]}},{"type":"Feature","properties":{"NAME":"Middle Andaman","name_ko":"중안다만섬","featurecla":"Island","min_label":6},"geometry":{"type":"Point","coordinates":[92.85270349999999,12.5378725]}},{"type":"Feature","properties":{"NAME":"N. Andaman","name_ko":"북안다만섬","featurecla":"Island","min_label":6},"geometry":{"type":"Point","coordinates":[92.942822,13.232896]}},{"type":"Feature","properties":{"NAME":"TIERRA DEL FUEGO","name_ko":"티에라델푸에고 제도","featurecla":"Island","min_label":4},"geometry":{"type":"Point","coordinates":[-68.70678649999999,-54.1824735]}},{"type":"Feature","properties":{"NAME":"Nova Scotia","name_ko":"노바스코샤주","featurecla":"Island","min_label":4},"geometry":{"type":"Point","coordinates":[-63.612068,44.753452499999995]}},{"type":"Feature","properties":{"NAME":"Vancouver Island","name_ko":"밴쿠버섬","featurecla":"Island","min_label":4},"geometry":{"type":"Point","coordinates":[-125.82616049999999,49.601136499999996]}},{"type":"Feature","properties":{"NAME":"VICTORIA ISLAND","name_ko":"빅토리아섬","featurecla":"Island","min_label":3.7},"geometry":{"type":"Point","coordinates":[-109.94973150000001,70.924878]}},{"type":"Feature","properties":{"NAME":"LABRADOR","name_ko":"래브라도","featurecla":"Island","min_label":4},"geometry":{"type":"Point","coordinates":[-60.91000150000001,55.922484]}},{"type":"Feature","properties":{"NAME":"ELLESMERE  ISLAND","name_ko":"엘즈미어섬","featurecla":"Island","min_label":4},"geometry":{"type":"Point","coordinates":[-76.429249,79.6740755]}},{"type":"Feature","properties":{"NAME":"BAFFIN ISLAND","name_ko":"배핀섬","featurecla":"Island","min_label":4},"geometry":{"type":"Point","coordinates":[-75.66682,67.86062100000001]}},{"type":"Feature","properties":{"NAME":"ISLAND OF NEWFOUNDLAND","name_ko":"뉴펀들랜드섬","featurecla":"Island","min_label":5},"geometry":{"type":"Point","coordinates":[-56.026526000000004,49.105319]}},{"type":"Feature","properties":{"NAME":"SULAWESI","name_ko":"술라웨시섬","featurecla":"Island","min_label":4},"geometry":{"type":"Point","coordinates":[122.008545,-1.996167]}},{"type":"Feature","properties":{"NAME":"JAVA","name_ko":"자와섬","featurecla":"Island","min_label":4},"geometry":{"type":"Point","coordinates":[109.92119149999999,-7.341385000000001]}},{"type":"Feature","properties":{"NAME":"MINDANAO","name_ko":"민다나오섬","featurecla":"Island","min_label":5},"geometry":{"type":"Point","coordinates":[124.24877900000001,7.679053]}},{"type":"Feature","properties":{"NAME":"LUZON","name_ko":"루손섬","featurecla":"Island","min_label":5},"geometry":{"type":"Point","coordinates":[121.9522945,15.591186500000001]}},{"type":"Feature","properties":{"NAME":"TAIWAN","name_ko":"타이완","featurecla":"Island","min_label":4},"geometry":{"type":"Point","coordinates":[121.0007325,23.600952]}},{"type":"Feature","properties":{"NAME":"KYÜSHÜ","name_ko":"규슈","featurecla":"Island","min_label":5.2},"geometry":{"type":"Point","coordinates":[130.794336,32.47146]}},{"type":"Feature","properties":{"NAME":"SHIKOKU","name_ko":"시코쿠","featurecla":"Island","min_label":5.2},"geometry":{"type":"Point","coordinates":[133.385742,33.5540265]}},{"type":"Feature","properties":{"NAME":"HOKKAIDÖ","name_ko":"홋카이도","featurecla":"Island","min_label":4},"geometry":{"type":"Point","coordinates":[142.81804,43.4663815]}},{"type":"Feature","properties":{"NAME":"SAKHALIN","name_ko":"사할린섬","featurecla":"Island","min_label":4},"geometry":{"type":"Point","coordinates":[143.18777699999998,50.166577000000004]}},{"type":"Feature","properties":{"NAME":"Sardegna","name_ko":"사르데냐","featurecla":"Island","min_label":4},"geometry":{"type":"Point","coordinates":[8.993065999999999,40.083374000000006]}},{"type":"Feature","properties":{"NAME":"Corse","name_ko":"코르시카","featurecla":"Island","min_label":4},"geometry":{"type":"Point","coordinates":[9.061035,42.203198]}},{"type":"Feature","properties":{"NAME":"Sicilia","name_ko":"시칠리아섬","featurecla":"Island","min_label":4},"geometry":{"type":"Point","coordinates":[14.036175,37.491870000000006]}},{"type":"Feature","properties":{"NAME":"ATLAS SAHARIEN","name_ko":"아틀라스 사하리엔","featurecla":"Range/mtn","min_label":5},"geometry":{"type":"Point","coordinates":[1.2544054999999998,33.755469000000005]}},{"type":"Feature","properties":{"NAME":"HAUT ATLAS","name_ko":"오트 아틀라스","featurecla":"Range/mtn","min_label":5},"geometry":{"type":"Point","coordinates":[-5.9290665,31.9000615]}},{"type":"Feature","properties":{"NAME":"DRAKENSBERG","name_ko":"드라켄즈버그산맥","featurecla":"Range/mtn","min_label":4},"geometry":{"type":"Point","coordinates":[27.9309795,-27.945366999999997]}},{"type":"Feature","properties":{"NAME":"CRYSTAL MOUNTAINS","name_ko":"크리스탈 마운틴스","featurecla":"Range/mtn","min_label":4},"geometry":{"type":"Point","coordinates":[12.657908500000001,-3.901361]}},{"type":"Feature","properties":{"NAME":"TIBESTI MTS.","name_ko":"티베스티 마운틴스","featurecla":"Range/mtn","min_label":3.7},"geometry":{"type":"Point","coordinates":[17.771251,21.789771000000002]}},{"type":"Feature","properties":{"NAME":"AHAGGAR MTS.","name_ko":"아하가르 마운틴스","featurecla":"Range/mtn","min_label":4},"geometry":{"type":"Point","coordinates":[4.996042999999999,24.325323500000003]}},{"type":"Feature","properties":{"NAME":"AÏR MTS.","name_ko":"에어 마운틴스","featurecla":"Range/mtn","min_label":4},"geometry":{"type":"Point","coordinates":[8.5810655,18.808753]}},{"type":"Feature","properties":{"NAME":"MITUMBA MTS.","name_ko":"미툼바 마운틴스","featurecla":"Range/mtn","min_label":4},"geometry":{"type":"Point","coordinates":[29.6817735,-1.379205]}},{"type":"Feature","properties":{"NAME":"Lesser Khingan Range","name_ko":"샤오싱안링산맥","featurecla":"Range/mtn","min_label":5},"geometry":{"type":"Point","coordinates":[127.66212,49.050757000000004]}},{"type":"Feature","properties":{"NAME":"SIKHOTE-ALIN’ RANGE","name_ko":"시호테알린산맥","featurecla":"Range/mtn","min_label":5},"geometry":{"type":"Point","coordinates":[136.5373645,47.164373999999995]}},{"type":"Feature","properties":{"NAME":"VERKHOYANSK RANGE","name_ko":"베르호얀스크산맥","featurecla":"Range/mtn","min_label":4},"geometry":{"type":"Point","coordinates":[132.909801,66.664618]}},{"type":"Feature","properties":{"NAME":"Central Highlands","name_ko":"센트럴 하이랜즈","featurecla":"Range/mtn","min_label":5},"geometry":{"type":"Point","coordinates":[107.7920025,13.818854]}},{"type":"Feature","properties":{"NAME":"QUILIAN MOUNTAINS","name_ko":"치롄산맥","featurecla":"Range/mtn","min_label":4},"geometry":{"type":"Point","coordinates":[98.65241499999999,38.093817]}},{"type":"Feature","properties":{"NAME":"EASTERN SAYAN MTS.","name_ko":"이스턴 사얀 마운틴스","featurecla":"Range/mtn","min_label":4},"geometry":{"type":"Point","coordinates":[97.66993249999999,53.795142]}},{"type":"Feature","properties":{"NAME":"YABLONOVYY RANGE","name_ko":"야블로노비 레인지","featurecla":"Range/mtn","min_label":4},"geometry":{"type":"Point","coordinates":[116.225169,54.138953]}},{"type":"Feature","properties":{"NAME":"Dabie Mts.","name_ko":"다볘산맥","featurecla":"Range/mtn","min_label":5},"geometry":{"type":"Point","coordinates":[115.01496399999999,31.3071965]}},{"type":"Feature","properties":{"NAME":"Nan Ling Mts.","name_ko":"난링산맥","featurecla":"Range/mtn","min_label":5},"geometry":{"type":"Point","coordinates":[111.771312,24.566077]}},{"type":"Feature","properties":{"NAME":"WESTERN GHATS","name_ko":"서고츠산맥","featurecla":"Range/mtn","min_label":4},"geometry":{"type":"Point","coordinates":[75.12363400000001,15.679877000000001]}},{"type":"Feature","properties":{"NAME":"EASTERN GHATS","name_ko":"동고츠산맥","featurecla":"Range/mtn","min_label":4},"geometry":{"type":"Point","coordinates":[81.4574695,16.0141665]}},{"type":"Feature","properties":{"NAME":"Vindhya Range","name_ko":"빈디아산맥","featurecla":"Range/mtn","min_label":5},"geometry":{"type":"Point","coordinates":[76.6089585,23.193244]}},{"type":"Feature","properties":{"NAME":"Wuyi Mts.","name_ko":"우이산","featurecla":"Range/mtn","min_label":5},"geometry":{"type":"Point","coordinates":[117.052989,26.910254]}},{"type":"Feature","properties":{"NAME":"Tarbagatay Ra.","name_ko":"타르바가타이 레인지","featurecla":"Range/mtn","min_label":5},"geometry":{"type":"Point","coordinates":[82.398387,47.592993500000006]}},{"type":"Feature","properties":{"NAME":"ALTUN MTS.","name_ko":"알툰 마운틴스","featurecla":"Range/mtn","min_label":4},"geometry":{"type":"Point","coordinates":[90.2619125,38.511359]}},{"type":"Feature","properties":{"NAME":"HEJAZ MTS.","name_ko":"헤자즈 마운틴스","featurecla":"Range/mtn","min_label":5},"geometry":{"type":"Point","coordinates":[37.721385,25.740729]}},{"type":"Feature","properties":{"NAME":"ASIR MTS.","name_ko":"아시르 마운틴스","featurecla":"Range/mtn","min_label":5},"geometry":{"type":"Point","coordinates":[42.272349500000004,18.949164500000002]}},{"type":"Feature","properties":{"NAME":"ELBURZ MTS.","name_ko":"엘버즈 마운틴스","featurecla":"Range/mtn","min_label":4},"geometry":{"type":"Point","coordinates":[51.6667585,36.6141725]}},{"type":"Feature","properties":{"NAME":"KJØLEN MOUNTAINS","name_ko":"스칸디나비아산맥","featurecla":"Range/mtn","min_label":4},"geometry":{"type":"Point","coordinates":[15.016673,64.2908085]}},{"type":"Feature","properties":{"NAME":"CARPATHIAN MOUNTAINS","name_ko":"카르파티아산맥","featurecla":"Range/mtn","min_label":4},"geometry":{"type":"Point","coordinates":[22.342723,47.335364]}},{"type":"Feature","properties":{"NAME":"APPENNINI","name_ko":"아펜니니","featurecla":"Range/mtn","min_label":4},"geometry":{"type":"Point","coordinates":[12.568736000000001,42.485114]}},{"type":"Feature","properties":{"NAME":"PYRENEES","name_ko":"피레네산맥","featurecla":"Range/mtn","min_label":4},"geometry":{"type":"Point","coordinates":[0.44706250000000014,42.7148505]}},{"type":"Feature","properties":{"NAME":"Sierra Madre del Sur","name_ko":"시에라 마드레 델 수르","featurecla":"Range/mtn","min_label":5},"geometry":{"type":"Point","coordinates":[-100.3353165,18.33042]}},{"type":"Feature","properties":{"NAME":"COAST RANGES","name_ko":"코스트 레인지스","featurecla":"Range/mtn","min_label":4},"geometry":{"type":"Point","coordinates":[-121.908986,41.51624150000001]}},{"type":"Feature","properties":{"NAME":"SIERRA MADRE ORIENTAL","name_ko":"시에라 마드레 오리엔탈","featurecla":"Range/mtn","min_label":4},"geometry":{"type":"Point","coordinates":[-100.5903825,25.005988000000002]}},{"type":"Feature","properties":{"NAME":"SIERRA NEVADA","name_ko":"시에라네바다산맥","featurecla":"Range/mtn","min_label":3},"geometry":{"type":"Point","coordinates":[-119.833455,37.730810500000004]}},{"type":"Feature","properties":{"NAME":"SIERRA MADRE OCCIDENTAL","name_ko":"시에라 마드레 옥시덴탈","featurecla":"Range/mtn","min_label":4},"geometry":{"type":"Point","coordinates":[-106.4929395,25.9544715]}},{"type":"Feature","properties":{"NAME":"CHUGACH MTS.","name_ko":"추가치 마운틴스","featurecla":"Range/mtn","min_label":4},"geometry":{"type":"Point","coordinates":[-145.297202,60.988584]}},{"type":"Feature","properties":{"NAME":"MACKENZIE MTS.","name_ko":"매켄지 마운틴스","featurecla":"Range/mtn","min_label":3.7},"geometry":{"type":"Point","coordinates":[-130.254933,62.642066]}},{"type":"Feature","properties":{"NAME":"CORDILLERA OCCIDENTAL","name_ko":"코디렐라 옥시덴탈","featurecla":"Range/mtn","min_label":5},"geometry":{"type":"Point","coordinates":[-73.554036,-13.713128]}},{"type":"Feature","properties":{"NAME":"CORDILLERA  REAL","name_ko":"코디렐라 리얼","featurecla":"Range/mtn","min_label":4},"geometry":{"type":"Point","coordinates":[-66.5623975,-19.380975]}},{"type":"Feature","properties":{"NAME":"CORDILLERA ORIENTAL","name_ko":"코디렐라 오리엔탈","featurecla":"Range/mtn","min_label":5},"geometry":{"type":"Point","coordinates":[-70.8511855,-12.923639000000001]}},{"type":"Feature","properties":{"NAME":"CORD. CENTRAL","name_ko":"코디렐라 센트럴","featurecla":"Range/mtn","min_label":4},"geometry":{"type":"Point","coordinates":[-75.7724505,-9.391411999999999]}},{"type":"Feature","properties":{"NAME":"CORD. OCCIDENTAL","name_ko":"코디렐라 옥시덴탈","featurecla":"Range/mtn","min_label":4},"geometry":{"type":"Point","coordinates":[-77.43105,3.2754274999999997]}},{"type":"Feature","properties":{"NAME":"CORD. CENTRAL","name_ko":"코디렐라 센트럴","featurecla":"Range/mtn","min_label":5},"geometry":{"type":"Point","coordinates":[-76.72493449999999,2.4942689999999996]}},{"type":"Feature","properties":{"NAME":"CORDILLERA ORIENTAL","name_ko":"코디렐라 오리엔탈","featurecla":"Range/mtn","min_label":4},"geometry":{"type":"Point","coordinates":[-69.587035,6.166022]}},{"type":"Feature","properties":{"NAME":"Mississippi Delta","name_ko":"미시시피 델타","featurecla":"Delta","min_label":5},"geometry":{"type":"Point","coordinates":[-89.401448,29.225558]}},{"type":"Feature","properties":{"NAME":"Niger Delta","name_ko":"나이저 델타","featurecla":"Delta","min_label":4},"geometry":{"type":"Point","coordinates":[6.1337385,5.247449]}},{"type":"Feature","properties":{"NAME":"Volga Delta","name_ko":"볼가 델타","featurecla":"Delta","min_label":4},"geometry":{"type":"Point","coordinates":[48.1964935,46.133499]}},{"type":"Feature","properties":{"NAME":"Danube Delta","name_ko":"다뉴브강 삼각주","featurecla":"Delta","min_label":5},"geometry":{"type":"Point","coordinates":[29.225400999999998,45.087678]}},{"type":"Feature","properties":{"NAME":"Amazon Delta","name_ko":"아마존 델타","featurecla":"Delta","min_label":4},"geometry":{"type":"Point","coordinates":[-50.1276715,-0.7808775]}},{"type":"Feature","properties":{"NAME":"Mekong Delta","name_ko":"메콩 삼각주","featurecla":"Delta","min_label":5},"geometry":{"type":"Point","coordinates":[106.1648065,10.185664]}},{"type":"Feature","properties":{"NAME":"GREAT RIFT VALLEY","name_ko":"동아프리카 지구대","featurecla":"Valley","min_label":4},"geometry":{"type":"Point","coordinates":[38.957469,5.047938]}},{"type":"Feature","properties":{"NAME":"GREAT RIFT VALLEY","name_ko":"동아프리카 지구대","featurecla":"Valley","min_label":3.6},"geometry":{"type":"Point","coordinates":[32.34962,-6.639794500000001]}},{"type":"Feature","properties":{"NAME":"CAPE YORK PEN.","name_ko":"케이프요크반도","featurecla":"Pen/cape","min_label":5},"geometry":{"type":"Point","coordinates":[142.6455255,-12.903921]}},{"type":"Feature","properties":{"NAME":"ARNHEM LAND","name_ko":"아르헴 랜드","featurecla":"Pen/cape","min_label":5},"geometry":{"type":"Point","coordinates":[134.6567915,-13.174771]}},{"type":"Feature","properties":{"NAME":"CRIMEA","name_ko":"크림반도","featurecla":"Pen/cape","min_label":4},"geometry":{"type":"Point","coordinates":[34.541504,45.296279999999996]}},{"type":"Feature","properties":{"NAME":"KOLA PENINSULA","name_ko":"콜라반도","featurecla":"Pen/cape","min_label":4},"geometry":{"type":"Point","coordinates":[36.919695000000004,67.688811]}},{"type":"Feature","properties":{"NAME":"Cà Mau Point","name_ko":"까 마우 포인트","featurecla":"Pen/cape","min_label":5.3},"geometry":{"type":"Point","coordinates":[105.07581350000001,8.8565135]}},{"type":"Feature","properties":{"NAME":"BAJA CALIFORNIA","name_ko":"바하칼리포르니아반도","featurecla":"Pen/cape","min_label":4},"geometry":{"type":"Point","coordinates":[-113.053343,27.4290315]}},{"type":"Feature","properties":{"NAME":"PEN. DE YUCATÁN","name_ko":"유카탄반도","featurecla":"Pen/cape","min_label":4},"geometry":{"type":"Point","coordinates":[-89.359273,18.7518955]}},{"type":"Feature","properties":{"NAME":"ALASKA PENINSULA","name_ko":"알래스카반도","featurecla":"Pen/cape","min_label":4},"geometry":{"type":"Point","coordinates":[-158.0188185,57.439002]}},{"type":"Feature","properties":{"NAME":"FLORIDA","name_ko":"플로리다주","featurecla":"Pen/cape","min_label":4},"geometry":{"type":"Point","coordinates":[-81.858256,27.926905]}},{"type":"Feature","properties":{"NAME":"Península Valdés","name_ko":"발데스반도","featurecla":"Pen/cape","min_label":5},"geometry":{"type":"Point","coordinates":[-64.0931595,-42.4888455]}},{"type":"Feature","properties":{"NAME":"Shandong Pen.","name_ko":"산둥반도","featurecla":"Pen/cape","min_label":5.3},"geometry":{"type":"Point","coordinates":[120.84430449999999,36.399027000000004]}},{"type":"Feature","properties":{"NAME":"KATANGA PLATEAU","name_ko":"카탕가 플래투","featurecla":"Plateau","min_label":4},"geometry":{"type":"Point","coordinates":[27.276194500000003,-10.787164]}},{"type":"Feature","properties":{"NAME":"CENTRAL RUSSIAN UPLAND","name_ko":"센트럴 러시안 업랜드","featurecla":"Plateau","min_label":4},"geometry":{"type":"Point","coordinates":[36.797740000000005,52.378302500000004]}},{"type":"Feature","properties":{"NAME":"Aldan Upland","name_ko":"알단 업랜드","featurecla":"Plateau","min_label":5},"geometry":{"type":"Point","coordinates":[129.2459825,57.926306499999995]}},{"type":"Feature","properties":{"NAME":"PUTORANA PLATEAU","name_ko":"푸토라나 플래투","featurecla":"Plateau","min_label":4},"geometry":{"type":"Point","coordinates":[103.8664655,68.684821]}},{"type":"Feature","properties":{"NAME":"YUNGUI PLATEAU","name_ko":"윈구이고원","featurecla":"Plateau","min_label":5},"geometry":{"type":"Point","coordinates":[102.6369125,26.322974]}},{"type":"Feature","properties":{"NAME":"Khorat Plat.","name_ko":"코랏 분지","featurecla":"Plateau","min_label":4},"geometry":{"type":"Point","coordinates":[102.5851545,16.8118655]}},{"type":"Feature","properties":{"NAME":"SHAN PLATEAU","name_ko":"샨 플래투","featurecla":"Plateau","min_label":5},"geometry":{"type":"Point","coordinates":[96.6455185,21.6317815]}},{"type":"Feature","properties":{"NAME":"COLORADO PLATEAU","name_ko":"콜로라도고원","featurecla":"Plateau","min_label":4},"geometry":{"type":"Point","coordinates":[-110.3116655,37.209143499999996]}},{"type":"Feature","properties":{"NAME":"COLUMBIA PLAT.","name_ko":"컬럼비아고원","featurecla":"Plateau","min_label":5},"geometry":{"type":"Point","coordinates":[-116.3211565,45.141852]}},{"type":"Feature","properties":{"NAME":"ALTI-PLANICIE MEXICANA","name_ko":"알티 플래니시 멕시카나","featurecla":"Plateau","min_label":5},"geometry":{"type":"Point","coordinates":[-104.153737,25.8468995]}},{"type":"Feature","properties":{"NAME":"ALLEGHENY PLATEAU","name_ko":"앨러게니 플래투","featurecla":"Plateau","min_label":4.7},"geometry":{"type":"Point","coordinates":[-78.69179249999999,40.6500915]}},{"type":"Feature","properties":{"NAME":"CUMBERLAND PLAT.","name_ko":"컴벌랜드 플래투","featurecla":"Plateau","min_label":5.2},"geometry":{"type":"Point","coordinates":[-85.3856705,35.854071]}},{"type":"Feature","properties":{"NAME":"YUKON PLATEAU","name_ko":"유콘 플래투","featurecla":"Plateau","min_label":3.7},"geometry":{"type":"Point","coordinates":[-136.626668,62.2872985]}},{"type":"Feature","properties":{"NAME":"ALTIPLANO","name_ko":"알티플라노고원","featurecla":"Plateau","min_label":4},"geometry":{"type":"Point","coordinates":[-68.455037,-20.503961]}},{"type":"Feature","properties":{"NAME":"GUIANA SHIELD","name_ko":"기아나 고지","featurecla":"Plateau","min_label":4},"geometry":{"type":"Point","coordinates":[-59.1819965,2.9851750000000004]}},{"type":"Feature","properties":{"NAME":"PLANALTO CENTRAL","name_ko":"브라질고원","featurecla":"Plateau","min_label":4},"geometry":{"type":"Point","coordinates":[-50.5973405,-12.989801]}},{"type":"Feature","properties":{"NAME":"BARREN GROUNDS","name_ko":"배런 그라운즈","featurecla":"Tundra","min_label":3.7},"geometry":{"type":"Point","coordinates":[-106.49499,64.8878105]}},{"type":"Feature","properties":{"NAME":"NULLARBOR PLAIN","name_ko":"널라버 플레인","featurecla":"Plain","min_label":5},"geometry":{"type":"Point","coordinates":[128.337047,-31.286065]}},{"type":"Feature","properties":{"NAME":"NORTH SLOPE","name_ko":"노스 슬로프","featurecla":"Plain","min_label":4},"geometry":{"type":"Point","coordinates":[-155.200155,69.87546449999999]}},{"type":"Feature","properties":{"NAME":"CHACO BOREAL","name_ko":"차코 보리얼","featurecla":"Plain","min_label":4},"geometry":{"type":"Point","coordinates":[-60.1739395,-21.311761]}},{"type":"Feature","properties":{"NAME":"CHACO AUSTRAL","name_ko":"차코 오스트랄","featurecla":"Plain","min_label":5},"geometry":{"type":"Point","coordinates":[-61.664509499999994,-27.560601499999997]}},{"type":"Feature","properties":{"NAME":"NAMIB DESERT","name_ko":"나미브 사막","featurecla":"Desert","min_label":4},"geometry":{"type":"Point","coordinates":[14.4619195,-19.7729735]}},{"type":"Feature","properties":{"NAME":"WESTERN DESERT","name_ko":"웨스턴 데저트","featurecla":"Desert","min_label":3.7},"geometry":{"type":"Point","coordinates":[28.982737999999998,27.564185000000002]}},{"type":"Feature","properties":{"NAME":"NUBIAN DESERT","name_ko":"누비아 사막","featurecla":"Desert","min_label":4},"geometry":{"type":"Point","coordinates":[33.78712,19.9508425]}},{"type":"Feature","properties":{"NAME":"GREAT SANDY DESERT","name_ko":"그레이트샌디 사막","featurecla":"Desert","min_label":4.7},"geometry":{"type":"Point","coordinates":[124.87464450000002,-20.6195005]}},{"type":"Feature","properties":{"NAME":"LIBYAN DESERT","name_ko":"리비아 사막","featurecla":"Desert","min_label":4},"geometry":{"type":"Point","coordinates":[26.085521,21.141424999999998]}},{"type":"Feature","properties":{"NAME":"GREAT VICTORIA DESERT","name_ko":"그레이트빅토리아 사막","featurecla":"Desert","min_label":5},"geometry":{"type":"Point","coordinates":[128.0590925,-28.1771785]}},{"type":"Feature","properties":{"NAME":"THAR DESERT","name_ko":"타르 사막","featurecla":"Desert","min_label":4},"geometry":{"type":"Point","coordinates":[72.0119125,27.4606385]}},{"type":"Feature","properties":{"NAME":"SYRIAN DESERT","name_ko":"시리아 사막","featurecla":"Desert","min_label":4},"geometry":{"type":"Point","coordinates":[40.201488,32.2977355]}},{"type":"Feature","properties":{"NAME":"GARAGUM DESERT","name_ko":"카라쿰 사막","featurecla":"Desert","min_label":4},"geometry":{"type":"Point","coordinates":[61.534312,40.851507999999995]}},{"type":"Feature","properties":{"NAME":"QIZILQUM DESERT","name_ko":"키질쿰 사막","featurecla":"Desert","min_label":4},"geometry":{"type":"Point","coordinates":[64.07191,43.304877000000005]}},{"type":"Feature","properties":{"NAME":"DESIERTO DE ATACAMA","name_ko":"아타카마 사막","featurecla":"Desert","min_label":4},"geometry":{"type":"Point","coordinates":[-69.388185,-22.945916500000003]}},{"type":"Feature","properties":{"NAME":"Istmo de Tehuantepec","name_ko":"테우안테펙 지협","featurecla":"Isthmus","min_label":5},"geometry":{"type":"Point","coordinates":[-94.6075335,17.268256]}},{"type":"Feature","properties":{"NAME":"Is. de Panamá","name_ko":"파나마 지협","featurecla":"Isthmus","min_label":5.3},"geometry":{"type":"Point","coordinates":[-78.816603,8.9662355]}},{"type":"Feature","properties":{"NAME":"MURRAY-DARLING BASIN","name_ko":"머레이 달링 베이신","featurecla":"Basin","min_label":4.7},"geometry":{"type":"Point","coordinates":[145.152171,-30.5637145]}},{"type":"Feature","properties":{"NAME":"SICHUAN BASIN","name_ko":"쓰촨 분지","featurecla":"Basin","min_label":4},"geometry":{"type":"Point","coordinates":[105.5015975,30.373542]}},{"type":"Feature","properties":{"NAME":"TARIM BASIN","name_ko":"타리무 분지","featurecla":"Basin","min_label":4},"geometry":{"type":"Point","coordinates":[83.440562,39.141242]}},{"type":"Feature","properties":{"NAME":"ISTHMUS OF KRA","name_ko":"끄라 지협","featurecla":"Isthmus","min_label":5},"geometry":{"type":"Point","coordinates":[98.82388900000001,9.975818]}},{"type":"Feature","properties":{"NAME":"PIEDMONT","name_ko":"피드몬트 대지","featurecla":"Foothills","min_label":5.2},"geometry":{"type":"Point","coordinates":[-80.812764,36.221625]}},{"type":"Feature","properties":{"NAME":"YUNGAS","name_ko":"융가스","featurecla":"Foothills","min_label":4},"geometry":{"type":"Point","coordinates":[-66.10191850000001,-14.04815]}},{"type":"Feature","properties":{"NAME":"PANTANAL","name_ko":"판타나우","featurecla":"Wetlands","min_label":4},"geometry":{"type":"Point","coordinates":[-57.750721999999996,-18.488702]}},{"type":"Feature","properties":{"NAME":"NORTH SIBERIAN LOWLAND","name_ko":"노스 시베리안 로우랜드","featurecla":"Lowland","min_label":4},"geometry":{"type":"Point","coordinates":[107.9137065,71.91324499999999]}},{"type":"Feature","properties":{"NAME":"WESTERN SIBERIAN PLAIN","name_ko":"서시베리아 평원","featurecla":"Lowland","min_label":4},"geometry":{"type":"Point","coordinates":[79.427989,62.673041]}},{"type":"Feature","properties":{"NAME":"CASPIAN DEPRESSION","name_ko":"카스피안 디프레션","featurecla":"Lowland","min_label":4},"geometry":{"type":"Point","coordinates":[49.950816,46.667609]}},{"type":"Feature","properties":{"NAME":"SUDD","name_ko":"수드","featurecla":"Geoarea","min_label":4},"geometry":{"type":"Point","coordinates":[30.718089,7.4051885]}},{"type":"Feature","properties":{"NAME":"KNUD RASMUSSEN LAND","name_ko":"크누드 라스무센 랜드","featurecla":"Geoarea","min_label":4},"geometry":{"type":"Point","coordinates":[-56.350671,79.590848]}},{"type":"Feature","properties":{"NAME":"Mesopotamia","name_ko":"메소포타미아","featurecla":"Geoarea","min_label":4},"geometry":{"type":"Point","coordinates":[42.796153000000004,33.996466500000004]}},{"type":"Feature","properties":{"NAME":"SRI LANKA","name_ko":"스리랑카섬","featurecla":"Island","min_label":3.5},"geometry":{"type":"Point","coordinates":[80.7923825,7.88103]}},{"type":"Feature","properties":{"NAME":"TASMANIA","name_ko":"태즈메이니아섬","featurecla":"Island","min_label":3.5},"geometry":{"type":"Point","coordinates":[146.494336,-42.145801]}},{"type":"Feature","properties":{"NAME":"NEW GUINEA","name_ko":"뉴기니섬","featurecla":"Island","min_label":3.5},"geometry":{"type":"Point","coordinates":[140.922705,-5.5022269999999995]}},{"type":"Feature","properties":{"NAME":"BORNEO","name_ko":"보르네오섬","featurecla":"Island","min_label":4.3},"geometry":{"type":"Point","coordinates":[114.086084,1.4102535]}},{"type":"Feature","properties":{"NAME":"SUMATRA","name_ko":"수마트라섬","featurecla":"Island","min_label":5.2},"geometry":{"type":"Point","coordinates":[100.6333645,-0.1395504999999999]}},{"type":"Feature","properties":{"NAME":"HONSHÜ","name_ko":"혼슈","featurecla":"Island","min_label":4},"geometry":{"type":"Point","coordinates":[136.4413045,37.4962645]}},{"type":"Feature","properties":{"NAME":"IRELAND","name_ko":"아일랜드섬","featurecla":"Island","min_label":3.5},"geometry":{"type":"Point","coordinates":[-7.930322,53.419775]}},{"type":"Feature","properties":{"NAME":"GREAT BRITAIN","name_ko":"그레이트브리튼섬","featurecla":"Island","min_label":3.5},"geometry":{"type":"Point","coordinates":[-2.1935545,54.3356935]}},{"type":"Feature","properties":{"NAME":"ICELAND","name_ko":"아이슬란드섬","featurecla":"Island","min_label":2},"geometry":{"type":"Point","coordinates":[-19.015894,64.9663815]}},{"type":"Feature","properties":{"NAME":"TAYMYR PENINSULA","name_ko":"타이미르반도","featurecla":"Pen/cape","min_label":3.5},"geometry":{"type":"Point","coordinates":[106.339144,75.425851]}},{"type":"Feature","properties":{"NAME":"YAMAL PENINSULA","name_ko":"야말반도","featurecla":"Pen/cape","min_label":3.5},"geometry":{"type":"Point","coordinates":[70.119484,69.763004]}},{"type":"Feature","properties":{"NAME":"KAMCHATKA PENINSULA","name_ko":"캄차카반도","featurecla":"Pen/cape","min_label":3.5},"geometry":{"type":"Point","coordinates":[160.9518655,56.7682235]}},{"type":"Feature","properties":{"NAME":"MALAY PENINSULA","name_ko":"말레이반도","featurecla":"Pen/cape","min_label":4},"geometry":{"type":"Point","coordinates":[101.25771499999999,5.289795]}},{"type":"Feature","properties":{"NAME":"GREAT BASIN","name_ko":"그레이트베이슨","featurecla":"Basin","min_label":5},"geometry":{"type":"Point","coordinates":[-116.7938125,39.024114999999995]}},{"type":"Feature","properties":{"NAME":"GREAT ARTESIAN BASIN","name_ko":"대찬정 분지","featurecla":"Basin","min_label":5.3},"geometry":{"type":"Point","coordinates":[141.9838975,-25.929132000000003]}},{"type":"Feature","properties":{"NAME":"ETHIOPIAN HIGHLANDS","name_ko":"에티오피아고원","featurecla":"Range/mtn","min_label":3.5},"geometry":{"type":"Point","coordinates":[38.6664535,11.067450000000001]}},{"type":"Feature","properties":{"NAME":"ZAGROS MOUNTAINS","name_ko":"자그로스산맥","featurecla":"Range/mtn","min_label":4},"geometry":{"type":"Point","coordinates":[51.329539499999996,31.345374]}},{"type":"Feature","properties":{"NAME":"ALTAY MOUNTAINS","name_ko":"알타이산맥","featurecla":"Range/mtn","min_label":4},"geometry":{"type":"Point","coordinates":[91.358104,47.7768315]}},{"type":"Feature","properties":{"NAME":"GREATER KHINGAN RANGE","name_ko":"대흥안령산맥","featurecla":"Range/mtn","min_label":5},"geometry":{"type":"Point","coordinates":[121.2710065,48.3417725]}},{"type":"Feature","properties":{"NAME":"STANOVOY RANGE","name_ko":"스타노보이산맥","featurecla":"Range/mtn","min_label":4},"geometry":{"type":"Point","coordinates":[130.6179305,55.854865]}},{"type":"Feature","properties":{"NAME":"CHAÎNE ANNAMITIQUE","name_ko":"체인 아나미틱","featurecla":"Range/mtn","min_label":5},"geometry":{"type":"Point","coordinates":[105.905515,16.2296515]}},{"type":"Feature","properties":{"NAME":"Siwalik Hills","name_ko":"시왈릭 힐스","featurecla":"Range/mtn","min_label":3.5},"geometry":{"type":"Point","coordinates":[83.38361649999999,28.164588000000002]}},{"type":"Feature","properties":{"NAME":"PAMIRS","name_ko":"파미르고원","featurecla":"Range/mtn","min_label":4},"geometry":{"type":"Point","coordinates":[74.118541,38.3215395]}},{"type":"Feature","properties":{"NAME":"HINDU KUSH","name_ko":"힌두쿠시산맥","featurecla":"Range/mtn","min_label":4},"geometry":{"type":"Point","coordinates":[71.19507899999999,35.8027715]}},{"type":"Feature","properties":{"NAME":"KARAKORAM RA.","name_ko":"카라코람산맥","featurecla":"Range/mtn","min_label":4},"geometry":{"type":"Point","coordinates":[77.387828,35.624610000000004]}},{"type":"Feature","properties":{"NAME":"KUNLUN MOUNTAINS","name_ko":"쿤룬산맥","featurecla":"Range/mtn","min_label":4},"geometry":{"type":"Point","coordinates":[88.7178455,36.399054]}},{"type":"Feature","properties":{"NAME":"ATLAS MOUNTAINS","name_ko":"아틀라스산맥","featurecla":"Range/mtn","min_label":3.5},"geometry":{"type":"Point","coordinates":[-0.2603655000000007,32.809577]}},{"type":"Feature","properties":{"NAME":"APPALACHIAN MTS.","name_ko":"애팔래치아산맥","featurecla":"Range/mtn","min_label":3.5},"geometry":{"type":"Point","coordinates":[-76.37495799999999,40.9285035]}},{"type":"Feature","properties":{"NAME":"BROOKS RANGE","name_ko":"브룩스 레인지","featurecla":"Range/mtn","min_label":3.5},"geometry":{"type":"Point","coordinates":[-152.0144275,69.006935]}},{"type":"Feature","properties":{"NAME":"COAST MOUNTAINS","name_ko":"코스트 마운틴스","featurecla":"Range/mtn","min_label":3.5},"geometry":{"type":"Point","coordinates":[-129.1055195,55.0192125]}},{"type":"Feature","properties":{"NAME":"CASCADE RANGE","name_ko":"캐스케이드산맥","featurecla":"Range/mtn","min_label":3.5},"geometry":{"type":"Point","coordinates":[-121.04527150000001,45.552130500000004]}},{"type":"Feature","properties":{"NAME":"ALASKA RANGE","name_ko":"알래스카 레인지","featurecla":"Range/mtn","min_label":4},"geometry":{"type":"Point","coordinates":[-148.591299,62.6127585]}},{"type":"Feature","properties":{"NAME":"MANCHURIAN PLAIN","name_ko":"맨추리안 플레인","featurecla":"Plain","min_label":4},"geometry":{"type":"Point","coordinates":[123.69398000000001,44.8823915]}},{"type":"Feature","properties":{"NAME":"TURAN LOWLAND","name_ko":"투란 저지","featurecla":"Plain","min_label":5},"geometry":{"type":"Point","coordinates":[62.483348,41.857215]}},{"type":"Feature","properties":{"NAME":"SAHEL","name_ko":"사헬","featurecla":"Plain","min_label":3.5},"geometry":{"type":"Point","coordinates":[10.971202,16.1540595]}},{"type":"Feature","properties":{"NAME":"PONTIC STEPPE","name_ko":"폰틱 스텝","featurecla":"Plain","min_label":4},"geometry":{"type":"Point","coordinates":[41.6132305,48.751593]}},{"type":"Feature","properties":{"NAME":"COASTAL PLAIN","name_ko":"코스탈 플레인","featurecla":"Plain","min_label":3.5},"geometry":{"type":"Point","coordinates":[-86.69910949999999,32.793204]}},{"type":"Feature","properties":{"NAME":"CENTRAL LOWLAND","name_ko":"센트럴 로우랜드","featurecla":"Plain","min_label":4},"geometry":{"type":"Point","coordinates":[-90.788411,42.481116]}},{"type":"Feature","properties":{"NAME":"GRAN CHACO","name_ko":"그란차코","featurecla":"Plain","min_label":3.5},"geometry":{"type":"Point","coordinates":[-60.797627,-24.6375055]}},{"type":"Feature","properties":{"NAME":"LLANOS","name_ko":"야노스","featurecla":"Plain","min_label":3.5},"geometry":{"type":"Point","coordinates":[-67.8452045,6.315955]}},{"type":"Feature","properties":{"NAME":"PAMPAS","name_ko":"팜파스","featurecla":"Plain","min_label":3.5},"geometry":{"type":"Point","coordinates":[-62.350819,-32.667229500000005]}},{"type":"Feature","properties":{"NAME":"GANGES PLAIN","name_ko":"힌두스탄 평원","featurecla":"Plain","min_label":4},"geometry":{"type":"Point","coordinates":[83.9704695,26.121907]}},{"type":"Feature","properties":{"NAME":"BRAZILIAN HIGHLANDS","name_ko":"브라질고원","featurecla":"Plateau","min_label":4},"geometry":{"type":"Point","coordinates":[-46.314198000000005,-15.572658]}},{"type":"Feature","properties":{"NAME":"CENTRAL SIBERIAN PLATEAU","name_ko":"중앙시베리아고원","featurecla":"Plateau","min_label":3.5},"geometry":{"type":"Point","coordinates":[109.21284,64.76615050000001]}},{"type":"Feature","properties":{"NAME":"MONGOLIAN PLATEAU","name_ko":"몽골고원","featurecla":"Plateau","min_label":4},"geometry":{"type":"Point","coordinates":[106.2528185,46.2553165]}},{"type":"Feature","properties":{"NAME":"DECCAN PLATEAU","name_ko":"데칸고원","featurecla":"Plateau","min_label":4},"geometry":{"type":"Point","coordinates":[77.7306625,16.2884585]}},{"type":"Feature","properties":{"NAME":"PLANALTO DO MATO GROSSO","name_ko":"플라날토 도 마토 그로소","featurecla":"Plateau","min_label":4},"geometry":{"type":"Point","coordinates":[-56.762135,-11.137689]}},{"type":"Feature","properties":{"NAME":"Fergana Valley","name_ko":"페르가나 분지","featurecla":"Valley","min_label":4},"geometry":{"type":"Point","coordinates":[71.45569900000001,40.673743]}},{"type":"Feature","properties":{"NAME":"SOMALI PENINSULA","name_ko":"아프리카의 뿔","featurecla":"Pen/cape","min_label":4},"geometry":{"type":"Point","coordinates":[44.758736,4.7357145]}},{"type":"Feature","properties":{"NAME":"BALKAN PEN.","name_ko":"발칸반도","featurecla":"Pen/cape","min_label":3.5},"geometry":{"type":"Point","coordinates":[21.598326,41.274307500000006]}},{"type":"Feature","properties":{"NAME":"BETPAQDALA DESERT","name_ko":"벳팩달라 데저트","featurecla":"Desert","min_label":5},"geometry":{"type":"Point","coordinates":[70.6593125,44.813025499999995]}},{"type":"Feature","properties":{"NAME":"PUNJAB","name_ko":"펀자브","featurecla":"Desert","min_label":3.5},"geometry":{"type":"Point","coordinates":[73.953746,31.124823]}},{"type":"Feature","properties":{"NAME":"RUB’ AL KHALI","name_ko":"룹알할리 사막","featurecla":"Desert","min_label":4},"geometry":{"type":"Point","coordinates":[50.486033500000005,20.398443999999998]}},{"type":"Feature","properties":{"NAME":"CAATINGAS","name_ko":"카팅가스","featurecla":"Desert","min_label":4},"geometry":{"type":"Point","coordinates":[-40.023427,-6.8955015]}},{"type":"Feature","properties":{"NAME":"KALAHARI DESERT","name_ko":"칼라하리 사막","featurecla":"Desert","min_label":3.5},"geometry":{"type":"Point","coordinates":[19.290172,-22.8587585]}},{"type":"Feature","properties":{"NAME":"Bol’shezemel’skaya Tundra","name_ko":"볼셰제멜스카야 툰드라","featurecla":"Tundra","min_label":4},"geometry":{"type":"Point","coordinates":[56.859202499999995,67.24302700000001]}},{"type":"Feature","properties":{"NAME":"SELVAS","name_ko":"셀바스","featurecla":"Foothills","min_label":4},"geometry":{"type":"Point","coordinates":[-72.77653950000001,-5.3003475]}},{"type":"Feature","properties":{"NAME":"ANATOLIA","name_ko":"아나톨리아","featurecla":"Geoarea","min_label":3.5},"geometry":{"type":"Point","coordinates":[35.274077500000004,39.049585]}},{"type":"Feature","properties":{"NAME":"PATAGONIA","name_ko":"파타고니아","featurecla":"Geoarea","min_label":3.5},"geometry":{"type":"Point","coordinates":[-68.9772215,-43.910782]}},{"type":"Feature","properties":{"NAME":"GREENLAND","name_ko":"그린란드","featurecla":"Island","min_label":2},"geometry":{"type":"Point","coordinates":[-42.121801500000004,71.707544]}},{"type":"Feature","properties":{"NAME":"MADAGASCAR","name_ko":"마다가스카르섬","featurecla":"Island","min_label":3},"geometry":{"type":"Point","coordinates":[46.8667745,-18.825049]}},{"type":"Feature","properties":{"NAME":"CANADIAN SHIELD","name_ko":"캐나다 순상지","featurecla":"Tundra","min_label":3},"geometry":{"type":"Point","coordinates":[-75.050038,45.625159]}},{"type":"Feature","properties":{"NAME":"CANADIAN SHIELD","name_ko":"캐나다 순상지","featurecla":"Tundra","min_label":3},"geometry":{"type":"Point","coordinates":[-87.7183735,56.34876249999999]}},{"type":"Feature","properties":{"NAME":"GREAT DIVIDING RANGE","name_ko":"그레이트디바이딩산맥","featurecla":"Range/mtn","min_label":3.5},"geometry":{"type":"Point","coordinates":[147.990184,-25.3422785]}},{"type":"Feature","properties":{"NAME":"ALPS","name_ko":"알프스산맥","featurecla":"Range/mtn","min_label":2},"geometry":{"type":"Point","coordinates":[10.6702375,45.9103155]}},{"type":"Feature","properties":{"NAME":"TIAN SHAN","name_ko":"톈산산맥","featurecla":"Range/mtn","min_label":2},"geometry":{"type":"Point","coordinates":[84.0992535,41.917578500000005]}},{"type":"Feature","properties":{"NAME":"URAL MOUNTAINS","name_ko":"우랄산맥","featurecla":"Range/mtn","min_label":2},"geometry":{"type":"Point","coordinates":[61.564891,59.962195]}},{"type":"Feature","properties":{"NAME":"CAUCASUS MTS.","name_ko":"캅카스산맥","featurecla":"Range/mtn","min_label":2},"geometry":{"type":"Point","coordinates":[43.335102500000005,42.734686499999995]}},{"type":"Feature","properties":{"NAME":"HIMALAYAS","name_ko":"히말라야산맥","featurecla":"Range/mtn","min_label":2},"geometry":{"type":"Point","coordinates":[85.5922345,30.385870999999998]}},{"type":"Feature","properties":{"NAME":"ANDES","name_ko":"안데스산맥","featurecla":"Range/mtn","min_label":2},"geometry":{"type":"Point","coordinates":[-71.8433735,-21.9394985]}},{"type":"Feature","properties":{"NAME":"ROCKY MOUNTAINS","name_ko":"로키산맥","featurecla":"Range/mtn","min_label":2},"geometry":{"type":"Point","coordinates":[-115.6583755,47.490393499999996]}},{"type":"Feature","properties":{"NAME":"NORTH CHINA PLAIN","name_ko":"화베이 평원","featurecla":"Plain","min_label":3},"geometry":{"type":"Point","coordinates":[117.47654399999999,35.3073675]}},{"type":"Feature","properties":{"NAME":"KAZAKH STEPPE","name_ko":"카작 스텝","featurecla":"Plain","min_label":3},"geometry":{"type":"Point","coordinates":[68.1781725,51.0995855]}},{"type":"Feature","properties":{"NAME":"NORTHERN EUROPEAN PLAIN","name_ko":"북유럽 평원","featurecla":"Plain","min_label":3},"geometry":{"type":"Point","coordinates":[30.7557565,56.6730195]}},{"type":"Feature","properties":{"NAME":"GREAT PLAINS","name_ko":"그레이트플레인스","featurecla":"Plain","min_label":3},"geometry":{"type":"Point","coordinates":[-104.865529,41.1409975]}},{"type":"Feature","properties":{"NAME":"CONGO BASIN","name_ko":"콩고 분지","featurecla":"Basin","min_label":2},"geometry":{"type":"Point","coordinates":[21.491954,-1.1292660000000003]}},{"type":"Feature","properties":{"NAME":"AMAZON BASIN","name_ko":"아마존 분지","featurecla":"Basin","min_label":2},"geometry":{"type":"Point","coordinates":[-62.46834249999999,-7.6540155]}},{"type":"Feature","properties":{"NAME":"INDIA","name_ko":"인도 아대륙","featurecla":"Pen/cape","min_label":2},"geometry":{"type":"Point","coordinates":[79.11562649999999,21.3711915]}},{"type":"Feature","properties":{"NAME":"SCANDINAVIA","name_ko":"스칸디나비아","featurecla":"Pen/cape","min_label":3},"geometry":{"type":"Point","coordinates":[17.879834,63.244238499999994]}},{"type":"Feature","properties":{"NAME":"INDOCHINA PENINSULA","name_ko":"인도차이나 페닌슐라","featurecla":"Pen/cape","min_label":3},"geometry":{"type":"Point","coordinates":[101.3486925,17.791141]}},{"type":"Feature","properties":{"NAME":"ARABIAN PENINSULA","name_ko":"아라비아반도","featurecla":"Pen/cape","min_label":2},"geometry":{"type":"Point","coordinates":[47.211492,21.8398195]}},{"type":"Feature","properties":{"NAME":"GOBI DESERT","name_ko":"고비 사막","featurecla":"Desert","min_label":3},"geometry":{"type":"Point","coordinates":[106.0915635,42.811438499999994]}},{"type":"Feature","properties":{"NAME":"SAHARA","name_ko":"사하라 사막","featurecla":"Desert","min_label":3},"geometry":{"type":"Point","coordinates":[10.694635,21.97486]}},{"type":"Feature","properties":{"NAME":"WESTERN PLATEAU","name_ko":"웨스턴 플래투","featurecla":"Plateau","min_label":5},"geometry":{"type":"Point","coordinates":[125.64014750000001,-25.341302]}},{"type":"Feature","properties":{"NAME":"PENÍNSULA IBÉRICA","name_ko":"이베리아반도","featurecla":"Plateau","min_label":3},"geometry":{"type":"Point","coordinates":[-3.1158445000000006,39.8952395]}},{"type":"Feature","properties":{"NAME":"PLATEAU OF TIBET","name_ko":"티베트고원","featurecla":"Plateau","min_label":3},"geometry":{"type":"Point","coordinates":[88.5743515,33.5002505]}},{"type":"Feature","properties":{"NAME":"CENTRAL AMERICA","name_ko":"중앙아메리카","featurecla":"Isthmus","min_label":2},"geometry":{"type":"Point","coordinates":[-86.4296465,14.4063765]}},{"type":"Feature","properties":{"NAME":"ALASKA","name_ko":"알래스카주","featurecla":"Geoarea","min_label":2},"geometry":{"type":"Point","coordinates":[0.7927244999999914,61.389941500000006]}},{"type":"Feature","properties":{"NAME":"SIBERIA","name_ko":"시베리아","featurecla":"Geoarea","min_label":2},"geometry":{"type":"Point","coordinates":[110.573924,61.5346925]}},{"type":"Feature","properties":{"NAME":"SOUTH AMERICA","name_ko":"남아메리카","featurecla":"Continent","min_label":0},"geometry":{"type":"Point","coordinates":[-58.1119695,-21.7623055]}},{"type":"Feature","properties":{"NAME":"AUSTRALIA","name_ko":"오스트레일리아 대륙","featurecla":"Continent","min_label":0},"geometry":{"type":"Point","coordinates":[133.262549,-26.835547]}},{"type":"Feature","properties":{"NAME":"AFRICA","name_ko":"아프리카","featurecla":"Continent","min_label":0},"geometry":{"type":"Point","coordinates":[16.941029999999998,1.2657865000000008]}},{"type":"Feature","properties":{"NAME":"ANTARCTICA","name_ko":"남극","featurecla":"Continent","min_label":0},"geometry":{"type":"Point","coordinates":[0.00000550000000032469,-75.5380485]}},{"type":"Feature","properties":{"NAME":"East Antarctica","name_ko":"동남극","featurecla":"Geoarea","min_label":2},"geometry":{"type":"Point","coordinates":[89.999151,-77.5673305]}},{"type":"Feature","properties":{"NAME":"West Antarctica","name_ko":"서남극","featurecla":"Geoarea","min_label":2},"geometry":{"type":"Point","coordinates":[-90.0008435,-75.5380485]}},{"type":"Feature","properties":{"NAME":"Admiralty Mountains","name_ko":"애드미럴티 마운틴스","featurecla":"Range/mtn","min_label":5.3},"geometry":{"type":"Point","coordinates":[168.9771835,-71.868953]}},{"type":"Feature","properties":{"NAME":"Prince Albert Mountains","name_ko":"프린스 앨버트 마운틴스","featurecla":"Range/mtn","min_label":5.3},"geometry":{"type":"Point","coordinates":[161.157176,-76.5838575]}},{"type":"Feature","properties":{"NAME":"Queen Alexandra Range","name_ko":"퀸 알렉산드라 레인지","featurecla":"Range/mtn","min_label":5.3},"geometry":{"type":"Point","coordinates":[167.640941,-84.14989750000001]}},{"type":"Feature","properties":{"NAME":"Victoria Land","name_ko":"빅토리아랜드","featurecla":"Geoarea","min_label":4},"geometry":{"type":"Point","coordinates":[164.36704650000001,-74.0702205]}},{"type":"Feature","properties":{"NAME":"Mawson Peninsula","name_ko":"모슨 페닌슐라","featurecla":"Peninsula","min_label":6},"geometry":{"type":"Point","coordinates":[154.2111865,-68.6315715]}},{"type":"Feature","properties":{"NAME":"Transantarctic Mountains","name_ko":"남극횡단산지","featurecla":"Range/mtn","min_label":2},"geometry":{"type":"Point","coordinates":[167.791265,-78.953181]}},{"type":"Feature","properties":{"NAME":"Ross Island","name_ko":"로스섬","featurecla":"Island","min_label":6},"geometry":{"type":"Point","coordinates":[167.80596350000002,-77.506348]}},{"type":"Feature","properties":{"NAME":"Talos Dome","name_ko":"탈로스 돔","featurecla":"Plateau","min_label":3.5},"geometry":{"type":"Point","coordinates":[152.968822,-75.151241]}},{"type":"Feature","properties":{"NAME":"Mill Island","name_ko":"밀 아일랜드","featurecla":"Island","min_label":6},"geometry":{"type":"Point","coordinates":[100.746049,-65.543284]}},{"type":"Feature","properties":{"NAME":"Wilkes Land","name_ko":"윌크스랜드","featurecla":"Geoarea","min_label":3.5},"geometry":{"type":"Point","coordinates":[118.385498,-77.5673915]}},{"type":"Feature","properties":{"NAME":"American Highland","name_ko":"아메리칸 하이랜드","featurecla":"Plateau","min_label":3.5},"geometry":{"type":"Point","coordinates":[72.818126,-73.996882]}},{"type":"Feature","properties":{"NAME":"MacRobertson Land","name_ko":"맥로버트슨 랜드","featurecla":"Geoarea","min_label":4},"geometry":{"type":"Point","coordinates":[66.567962,-70.8546415]}},{"type":"Feature","properties":{"NAME":"Mawson Coast","name_ko":"모슨 코스트","featurecla":"Coast","min_label":4},"geometry":{"type":"Point","coordinates":[63.06971299999999,-68.26824500000001]}},{"type":"Feature","properties":{"NAME":"Enderby Land","name_ko":"엔더비 랜드","featurecla":"Geoarea","min_label":4},"geometry":{"type":"Point","coordinates":[45.7866925,-74.272872]}},{"type":"Feature","properties":{"NAME":"Riiser-Larsen Peninsula","name_ko":"라이저-라센 페닌슐라","featurecla":"Peninsula","min_label":6},"geometry":{"type":"Point","coordinates":[33.8731415,-69.293693]}},{"type":"Feature","properties":{"NAME":"Princess Ragnhild Coast","name_ko":"프린세스 랑힐 코스트","featurecla":"Coast","min_label":4},"geometry":{"type":"Point","coordinates":[27.132126,-71.293693]}},{"type":"Feature","properties":{"NAME":"Princess Astrid Coast","name_ko":"프린세스 아스트리드 코스트","featurecla":"Coast","min_label":4},"geometry":{"type":"Point","coordinates":[12.5174915,-71.8108315]}},{"type":"Feature","properties":{"NAME":"Queen Maud Land","name_ko":"퀸모드랜드","featurecla":"Geoarea","min_label":3.5},"geometry":{"type":"Point","coordinates":[12.297007999999998,-76.61261999999999]}},{"type":"Feature","properties":{"NAME":"New Swabia","name_ko":"노이슈바벤란트","featurecla":"Geoarea","min_label":4},"geometry":{"type":"Point","coordinates":[5.015940499999999,-76.19492550000001]}},{"type":"Feature","properties":{"NAME":"Ingrid Christensen Coast","name_ko":"잉그리드 크리스텐슨 코스트","featurecla":"Coast","min_label":4},"geometry":{"type":"Point","coordinates":[76.979259,-70.8752585]}},{"type":"Feature","properties":{"NAME":"Queen Mary Coast","name_ko":"퀸 메리 코스트","featurecla":"Coast","min_label":4},"geometry":{"type":"Point","coordinates":[96.312511,-67.601749]}},{"type":"Feature","properties":{"NAME":"Knox Coast","name_ko":"녹스 해안","featurecla":"Coast","min_label":4},"geometry":{"type":"Point","coordinates":[104.88495850000001,-67.4737785]}},{"type":"Feature","properties":{"NAME":"Sabrina Coast","name_ko":"사브리나 코스트","featurecla":"Coast","min_label":4},"geometry":{"type":"Point","coordinates":[118.848122,-68.208563]}},{"type":"Feature","properties":{"NAME":"Adélie Coast","name_ko":"아델리 코스트","featurecla":"Coast","min_label":4},"geometry":{"type":"Point","coordinates":[139.0391345,-67.9193535]}},{"type":"Feature","properties":{"NAME":"George V Coast","name_ko":"조지 V 코스트","featurecla":"Coast","min_label":4},"geometry":{"type":"Point","coordinates":[147.816924,-68.830214]}},{"type":"Feature","properties":{"NAME":"Coats Land","name_ko":"코츠랜드","featurecla":"Geoarea","min_label":4},"geometry":{"type":"Point","coordinates":[-27.9997525,-77.687257]}},{"type":"Feature","properties":{"NAME":"Berkner Island","name_ko":"버크너섬","featurecla":"Island","min_label":4},"geometry":{"type":"Point","coordinates":[-48.718184,-79.267826]}},{"type":"Feature","properties":{"NAME":"Pensacola Mountains","name_ko":"펜사콜라 마운틴스","featurecla":"Range/mtn","min_label":3.5},"geometry":{"type":"Point","coordinates":[-54.2357375,-83.53109]}},{"type":"Feature","properties":{"NAME":"Ellsworth Mountains","name_ko":"엘스워스 마운틴스","featurecla":"Range/mtn","min_label":3.5},"geometry":{"type":"Point","coordinates":[-81.749928,-79.23217349999999]}},{"type":"Feature","properties":{"NAME":"Antarctic Peninsula","name_ko":"남극반도","featurecla":"Peninsula","min_label":2},"geometry":{"type":"Point","coordinates":[-64.378275,-68.911572]}},{"type":"Feature","properties":{"NAME":"Kemp Peninsula","name_ko":"켐프 페닌슐라","featurecla":"Peninsula","min_label":6},"geometry":{"type":"Point","coordinates":[-60.7938175,-72.979323]}},{"type":"Feature","properties":{"NAME":"Smith Peninsula","name_ko":"스미스 페닌슐라","featurecla":"Peninsula","min_label":6},"geometry":{"type":"Point","coordinates":[-61.499177,-74.376461]}},{"type":"Feature","properties":{"NAME":"Hearst Island","name_ko":"허스트 아일랜드","featurecla":"Island","min_label":6},"geometry":{"type":"Point","coordinates":[-62.147624,-69.42616699999999]}},{"type":"Feature","properties":{"NAME":"James Ross Island","name_ko":"제임스 로스 아일랜드","featurecla":"Island","min_label":6},"geometry":{"type":"Point","coordinates":[-57.802384,-64.0797195]}},{"type":"Feature","properties":{"NAME":"Joinville Island","name_ko":"조인빌 아일랜드","featurecla":"Island","min_label":6},"geometry":{"type":"Point","coordinates":[-55.7940055,-63.261698]}},{"type":"Feature","properties":{"NAME":"Elephant Island","name_ko":"엘리펀트섬","featurecla":"Island","min_label":5.4},"geometry":{"type":"Point","coordinates":[-55.031324,-61.1578685]}},{"type":"Feature","properties":{"NAME":"King George Island","name_ko":"킹조지섬","featurecla":"Island","min_label":6},"geometry":{"type":"Point","coordinates":[-58.4169935,-62.129834]}},{"type":"Feature","properties":{"NAME":"Livingston Island","name_ko":"리빙스턴섬","featurecla":"Island","min_label":6},"geometry":{"type":"Point","coordinates":[-60.499886000000004,-62.6103025]}},{"type":"Feature","properties":{"NAME":"Brabant Island","name_ko":"브라반트 아일랜드","featurecla":"Island","min_label":6},"geometry":{"type":"Point","coordinates":[-62.3459095,-64.257694]}},{"type":"Feature","properties":{"NAME":"Anvers Island","name_ko":"안베르 아일랜드","featurecla":"Island","min_label":6},"geometry":{"type":"Point","coordinates":[-63.57356,-64.547004]}},{"type":"Feature","properties":{"NAME":"Adelaide Island","name_ko":"애들레이드 아일랜드","featurecla":"Island","min_label":6},"geometry":{"type":"Point","coordinates":[-68.4095945,-67.181758]}},{"type":"Feature","properties":{"NAME":"Charcot Island","name_ko":"샤르콧 아일랜드","featurecla":"Island","min_label":6},"geometry":{"type":"Point","coordinates":[-75.12464,-69.942418]}},{"type":"Feature","properties":{"NAME":"Alexander Island","name_ko":"알렉산더 아일랜드","featurecla":"Island","min_label":5.3},"geometry":{"type":"Point","coordinates":[-71.7731315,-70.72934599999999]}},{"type":"Feature","properties":{"NAME":"Latady Island","name_ko":"라타디 아일랜드","featurecla":"Island","min_label":6},"geometry":{"type":"Point","coordinates":[-75.0309325,-70.842871]}},{"type":"Feature","properties":{"NAME":"Spaatz Island","name_ko":"스파츠 아일랜드","featurecla":"Island","min_label":6},"geometry":{"type":"Point","coordinates":[-75.1669385,-73.2109695]}},{"type":"Feature","properties":{"NAME":"Thurston Island","name_ko":"서스턴 아일랜드","featurecla":"Island","min_label":6},"geometry":{"type":"Point","coordinates":[-98.909432,-72.1921175]}},{"type":"Feature","properties":{"NAME":"Jones Mountains","name_ko":"존스 마운틴스","featurecla":"Range/mtn","min_label":6},"geometry":{"type":"Point","coordinates":[-93.770802,-73.5910735]}},{"type":"Feature","properties":{"NAME":"Hollick-Kenyon Plateau","name_ko":"홀릭-케년 플래투","featurecla":"Plateau","min_label":3.5},"geometry":{"type":"Point","coordinates":[-98.72353050000001,-79.249324]}},{"type":"Feature","properties":{"NAME":"Siple Island","name_ko":"시플 아일랜드","featurecla":"Island","min_label":6},"geometry":{"type":"Point","coordinates":[-125.6214965,-73.767529]}},{"type":"Feature","properties":{"NAME":"Carney Island","name_ko":"카니 아일랜드","featurecla":"Island","min_label":6},"geometry":{"type":"Point","coordinates":[-121.7834805,-74.0229845]}},{"type":"Feature","properties":{"NAME":"Flood Range","name_ko":"플루드 레인지","featurecla":"Range/mtn","min_label":5.3},"geometry":{"type":"Point","coordinates":[-133.770802,-75.8957465]}},{"type":"Feature","properties":{"NAME":"Ford Ranges","name_ko":"포드 레인지스","featurecla":"Range/mtn","min_label":5.3},"geometry":{"type":"Point","coordinates":[-146.270803,-77.333247]}},{"type":"Feature","properties":{"NAME":"Edward VII Peninsula","name_ko":"에드워드 7세반도","featurecla":"Peninsula","min_label":5.3},"geometry":{"type":"Point","coordinates":[-153.2085335,-78.3937535]}},{"type":"Feature","properties":{"NAME":"Roosevelt Island","name_ko":"루스벨트섬","featurecla":"Island","min_label":6},"geometry":{"type":"Point","coordinates":[-161.6431,-79.281836]}},{"type":"Feature","properties":{"NAME":"Queen Maude Mountains","name_ko":"퀸 모드 마운틴스","featurecla":"Range/mtn","min_label":3.5},"geometry":{"type":"Point","coordinates":[-164.43749,-85.710343]}},{"type":"Feature","properties":{"NAME":"Ellsworth Land","name_ko":"엘스워스 랜드","featurecla":"Geoarea","min_label":4},"geometry":{"type":"Point","coordinates":[-91.47901949999999,-75.881852]}},{"type":"Feature","properties":{"NAME":"Marie Byrd Land","name_ko":"마리버드랜드","featurecla":"Geoarea","min_label":3.5},"geometry":{"type":"Point","coordinates":[-130.81269,-79.035233]}},{"type":"Feature","properties":{"NAME":"Rockefeller Plateau","name_ko":"록펠러 플래투","featurecla":"Plateau","min_label":3.5},"geometry":{"type":"Point","coordinates":[-136.166737,-80.791866]}},{"type":"Feature","properties":{"NAME":"Executive Committee Range","name_ko":"이그제큐티브 커미티 레인지","featurecla":"Range/mtn","min_label":6},"geometry":{"type":"Point","coordinates":[-126.017781,-77.0715285]}},{"type":"Feature","properties":{"NAME":"Transantarctic Mountains","name_ko":"남극횡단산지","featurecla":"Range/mtn","min_label":2},"geometry":{"type":"Point","coordinates":[-113.381642,-84.76984]}},{"type":"Feature","properties":{"NAME":"Oates Coast","name_ko":"오츠 코스트","featurecla":"Coast","min_label":4},"geometry":{"type":"Point","coordinates":[157.943597,-70.31833900000001]}},{"type":"Feature","properties":{"NAME":"Prince Charles Mountains","name_ko":"프린스 찰스 마운틴스","featurecla":"Range/mtn","min_label":5.3},"geometry":{"type":"Point","coordinates":[66.358238,-72.130247]}},{"type":"Feature","properties":{"NAME":"Kemp Land","name_ko":"켐프 랜드","featurecla":"Geoarea","min_label":4},"geometry":{"type":"Point","coordinates":[62.193726,-70.42710349999999]}},{"type":"Feature","properties":{"NAME":"Scott Mountains","name_ko":"스콧 마운틴스","featurecla":"Range/mtn","min_label":5.3},"geometry":{"type":"Point","coordinates":[50.2808335,-67.5993]}},{"type":"Feature","properties":{"NAME":"Napier Mountains","name_ko":"네이피어 마운틴스","featurecla":"Range/mtn","min_label":5.3},"geometry":{"type":"Point","coordinates":[54.649608,-66.65356]}},{"type":"Feature","properties":{"NAME":"Shackleton Range","name_ko":"섀클턴 레인지","featurecla":"Range/mtn","min_label":5.3},"geometry":{"type":"Point","coordinates":[-24.374806,-80.58825250000001]}},{"type":"Feature","properties":{"NAME":"Dome C (Charlie)","name_ko":"돔 C (찰리)","featurecla":"Plateau","min_label":3.5},"geometry":{"type":"Point","coordinates":[123.37708599999999,-75.10271800000001]}},{"type":"Feature","properties":{"NAME":"Dome A (Argus)","name_ko":"돔 A (아르거스)","featurecla":"Plateau","min_label":3.5},"geometry":{"type":"Point","coordinates":[77.371104,-80.370418]}},{"type":"Feature","properties":{"NAME":"Dome F (Fuji)","name_ko":"돔 F (후지)","featurecla":"Plateau","min_label":3.5},"geometry":{"type":"Point","coordinates":[39.702647,-77.326595]}},{"type":"Feature","properties":{"NAME":"Polar Plateau","name_ko":"폴라 플래투","featurecla":"Plateau","min_label":2},"geometry":{"type":"Point","coordinates":[0.00000550000000032469,-79.7811835]}},{"type":"Feature","properties":{"NAME":"Heard Island","name_ko":"허드 아일랜드","featurecla":"Island","min_label":6},"geometry":{"type":"Point","coordinates":[73.54529500000001,-53.075315]}},{"type":"Feature","properties":{"NAME":"South Georgia","name_ko":"사우스조지아섬","featurecla":"Island","min_label":5.4},"geometry":{"type":"Point","coordinates":[-36.944151500000004,-54.425439499999996]}},{"type":"Feature","properties":{"NAME":"Burke Island","name_ko":"버크 아일랜드","featurecla":"Island","min_label":6},"geometry":{"type":"Point","coordinates":[-104.8306195,-73.0712445]}},{"type":"Feature","properties":{"NAME":"Queen Maud Mountains","name_ko":"퀸 모드 마운틴스","featurecla":"Range/mtn","min_label":3.5},"geometry":{"type":"Point","coordinates":[174.20093300000002,-85.3186595]}},{"type":"Feature","properties":{"NAME":"Shackleton Coast","name_ko":"섀클턴 코스트","featurecla":"Coast","min_label":4},"geometry":{"type":"Point","coordinates":[162.5778915,-82.415348]}},{"type":"Feature","properties":{"NAME":"Banzare Coast","name_ko":"반자레 코스트","featurecla":"Coast","min_label":4},"geometry":{"type":"Point","coordinates":[125.854869,-68.0676305]}},{"type":"Feature","properties":{"NAME":"Clarie Coast","name_ko":"클라리 코스트","featurecla":"Coast","min_label":4},"geometry":{"type":"Point","coordinates":[132.8314925,-67.92612650000001]}},{"type":"Feature","properties":{"NAME":"Budd Coast","name_ko":"버드 코스트","featurecla":"Coast","min_label":4},"geometry":{"type":"Point","coordinates":[112.343761,-67.806168]}},{"type":"Feature","properties":{"NAME":"Wilhelm II Coast","name_ko":"빌헬름 II 코스트","featurecla":"Coast","min_label":4},"geometry":{"type":"Point","coordinates":[86.67713499999999,-68.927152]}},{"type":"Feature","properties":{"NAME":"Prince Harald Coast","name_ko":"프린스 해럴드 코스트","featurecla":"Coast","min_label":4},"geometry":{"type":"Point","coordinates":[39.35328199999999,-70.9577125]}},{"type":"Feature","properties":{"NAME":"Prince Olav Coast","name_ko":"프린스 올라프 코스트","featurecla":"Coast","min_label":4},"geometry":{"type":"Point","coordinates":[51.0690415,-69.93491549999999]}},{"type":"Feature","properties":{"NAME":"Princess Martha Coast","name_ko":"프린세스 마사 코스트","featurecla":"Coast","min_label":4},"geometry":{"type":"Point","coordinates":[-7.539781000000001,-73.245475]}},{"type":"Feature","properties":{"NAME":"Fletcher Peninsula","name_ko":"플레처 페닌슐라","featurecla":"Peninsula","min_label":6},"geometry":{"type":"Point","coordinates":[-88.774935,-72.976786]}},{"type":"Feature","properties":{"NAME":"Farwell Island","name_ko":"파웰 아일랜드","featurecla":"Island","min_label":6},"geometry":{"type":"Point","coordinates":[-91.1575165,-72.868818]}},{"type":"Feature","properties":{"NAME":"King Peninsula","name_ko":"킹 페닌슐라","featurecla":"Peninsula","min_label":6},"geometry":{"type":"Point","coordinates":[-100.6447355,-73.148594]}},{"type":"Feature","properties":{"NAME":"Canisteo Peninsula","name_ko":"카니스테오 페닌슐라","featurecla":"Peninsula","min_label":6},"geometry":{"type":"Point","coordinates":[-100.7170725,-74.42114649999999]}},{"type":"Feature","properties":{"NAME":"Bear Peninsula","name_ko":"베어 페닌슐라","featurecla":"Peninsula","min_label":6},"geometry":{"type":"Point","coordinates":[-111.208172,-74.6774815]}},{"type":"Feature","properties":{"NAME":"Martin Peninsula","name_ko":"마틴 페닌슐라","featurecla":"Peninsula","min_label":6},"geometry":{"type":"Point","coordinates":[-114.1345455,-74.48481849999999]}},{"type":"Feature","properties":{"NAME":"Walgreen Coast","name_ko":"월그린 코스트","featurecla":"Coast","min_label":4},"geometry":{"type":"Point","coordinates":[-107.3521925,-75.390911]}},{"type":"Feature","properties":{"NAME":"Gould Coast","name_ko":"굴드 코스트","featurecla":"Coast","min_label":4},"geometry":{"type":"Point","coordinates":[-161.49919749999998,-83.950354]}},{"type":"Feature","properties":{"NAME":"Palmer Land","name_ko":"팔머 랜드","featurecla":"Geoarea","min_label":4},"geometry":{"type":"Point","coordinates":[-65.9279595,-71.65103049999999]}},{"type":"Feature","properties":{"NAME":"Graham Land","name_ko":"그레이엄랜드","featurecla":"Geoarea","min_label":4},"geometry":{"type":"Point","coordinates":[-62.1974275,-66.0689345]}},{"type":"Feature","properties":{"NAME":"ASIA","name_ko":"아시아","featurecla":"Continent","min_label":0},"geometry":{"type":"Point","coordinates":[-0.006105000000005134,41.272925]}},{"type":"Feature","properties":{"NAME":"EUROPE","name_ko":"유럽","featurecla":"Continent","min_label":0},"geometry":{"type":"Point","coordinates":[28.442205,53.0382815]}},{"type":"Feature","properties":{"NAME":"NORTH AMERICA","name_ko":"북아메리카","featurecla":"Continent","min_label":0},"geometry":{"type":"Point","coordinates":[0.7927244999999914,49.6257565]}},{"type":"Feature","properties":{"NAME":"Tikchik Lakes","name_ko":"틱칙 레이크스","featurecla":"Lake","min_label":6},"geometry":{"type":"Point","coordinates":[-158.7050265,59.777574]}},{"type":"Feature","properties":{"NAME":"Finger Lakes","name_ko":"핑거 레이크스","featurecla":"Lake","min_label":6},"geometry":{"type":"Point","coordinates":[-76.818308,42.674099]}},{"type":"Feature","properties":{"NAME":"GREAT LAKES","name_ko":"오대호","featurecla":"Lake","min_label":3.5},"geometry":{"type":"Point","coordinates":[-85.88843750000001,45.327765]}},{"type":"Feature","properties":{"NAME":"Stewart I.","name_ko":"스튜어트섬","featurecla":"Island","min_label":5.4},"geometry":{"type":"Point","coordinates":[167.88837949999999,-46.979053]}},{"type":"Feature","properties":{"NAME":"Banks Pen.","name_ko":"뱅크스반도","featurecla":"Pen/cape","min_label":6},"geometry":{"type":"Point","coordinates":[172.81503750000002,-43.689944]}},{"type":"Feature","properties":{"NAME":"Fiordland","name_ko":"피오르드랜드","featurecla":"Coast","min_label":5.4},"geometry":{"type":"Point","coordinates":[167.35659299999998,-45.077398]}},{"type":"Feature","properties":{"NAME":"SOUTHERN ALPS","name_ko":"남알프스산맥","featurecla":"Range/mtn","min_label":5.2},"geometry":{"type":"Point","coordinates":[170.033407,-43.714776]}},{"type":"Feature","properties":{"NAME":"SOUTH ISLAND","name_ko":"남섬","featurecla":"Island","min_label":4},"geometry":{"type":"Point","coordinates":[170.4016045,-43.5657865]}},{"type":"Feature","properties":{"NAME":"NORTH ISLAND","name_ko":"북섬","featurecla":"Island","min_label":4},"geometry":{"type":"Point","coordinates":[175.6210935,-38.0198735]}},{"type":"Feature","properties":{"NAME":"Coromandel","name_ko":"코로만델","featurecla":"Pen/cape","min_label":5.4},"geometry":{"type":"Point","coordinates":[175.6734515,-36.907905]}},{"type":"Feature","properties":{"NAME":"N.I. Volcanic Plateau","name_ko":"N.I. 볼캐닉 플래투","featurecla":"Plateau","min_label":5.4},"geometry":{"type":"Point","coordinates":[175.6586335,-39.252152499999994]}},{"type":"Feature","properties":{"NAME":"Marlborough Sounds","name_ko":"말보로 사운즈","featurecla":"Coast","min_label":6},"geometry":{"type":"Point","coordinates":[173.922158,-41.038306000000006]}},{"type":"Feature","properties":{"NAME":"Otago Pen.","name_ko":"오타고 페닌슐라","featurecla":"Pen/cape","min_label":6},"geometry":{"type":"Point","coordinates":[170.6378535,-45.820006]}},{"type":"Feature","properties":{"NAME":"JUTLAND","name_ko":"윌란반도","featurecla":"Geoarea","min_label":5.3},"geometry":{"type":"Point","coordinates":[9.523828,56.0143035]}},{"type":"Feature","properties":{"NAME":"Utupua","name_ko":"우투푸아","featurecla":"Island","min_label":6.7},"geometry":{"type":"Point","coordinates":[166.533702,-11.313714000000001]}},{"type":"Feature","properties":{"NAME":"Gardner Pinnacles","name_ko":"가드너 피나클스","featurecla":"Island","min_label":6},"geometry":{"type":"Point","coordinates":[-167.9988315,25.012670999999997]}},{"type":"Feature","properties":{"NAME":"Manihiki","name_ko":"마니히키","featurecla":"Island","min_label":6},"geometry":{"type":"Point","coordinates":[-160.981162,-10.380914]}},{"type":"Feature","properties":{"NAME":"Tubuaï","name_ko":"투부아이","featurecla":"Island","min_label":6},"geometry":{"type":"Point","coordinates":[-149.4920565,-23.375848]}},{"type":"Feature","properties":{"NAME":"Niau","name_ko":"니아우","featurecla":"Island","min_label":6},"geometry":{"type":"Point","coordinates":[-146.37148,-16.137689]}},{"type":"Feature","properties":{"NAME":"Pitcairn I.","name_ko":"핏케언 아일랜드","featurecla":"Island","min_label":4.7},"geometry":{"type":"Point","coordinates":[-130.1052445,-25.0696955]}},{"type":"Feature","properties":{"NAME":"I. Clarión","name_ko":"아일랜드 클라리온","featurecla":"Island","min_label":6},"geometry":{"type":"Point","coordinates":[-114.76378349999999,18.341956000000003]}},{"type":"Feature","properties":{"NAME":"Nihoa","name_ko":"니호아","featurecla":"Island","min_label":6},"geometry":{"type":"Point","coordinates":[-161.9440525,23.0448065]}},{"type":"Feature","properties":{"NAME":"Lisianski","name_ko":"리시안스키","featurecla":"Island","min_label":6},"geometry":{"type":"Point","coordinates":[-173.962729,26.06272]}},{"type":"Feature","properties":{"NAME":"Johnston Atoll","name_ko":"존스턴 환초","featurecla":"Island","min_label":6},"geometry":{"type":"Point","coordinates":[-169.530936,16.7584905]}},{"type":"Feature","properties":{"NAME":"Niuafo‘ou","name_ko":"니우아포오우섬","featurecla":"Island","min_label":6},"geometry":{"type":"Point","coordinates":[-175.6506565,-15.5872125]}},{"type":"Feature","properties":{"NAME":"Baker I.","name_ko":"베이커 섬","featurecla":"Island","min_label":6},"geometry":{"type":"Point","coordinates":[-176.479575,0.19626500000000002]}},{"type":"Feature","properties":{"NAME":"Suwarrow","name_ko":"스와로","featurecla":"Island","min_label":6},"geometry":{"type":"Point","coordinates":[-163.1258455,-13.416375500000001]}},{"type":"Feature","properties":{"NAME":"Pukapuka","name_ko":"푸카푸카섬","featurecla":"Island","min_label":6},"geometry":{"type":"Point","coordinates":[-165.816001,-10.882195500000002]}},{"type":"Feature","properties":{"NAME":"Penrhyn","name_ko":"펜린","featurecla":"Island","min_label":6},"geometry":{"type":"Point","coordinates":[-157.9754555,-8.965814]}},{"type":"Feature","properties":{"NAME":"Mangaia","name_ko":"망가이아","featurecla":"Island","min_label":6},"geometry":{"type":"Point","coordinates":[-157.9422215,-21.9095395]}},{"type":"Feature","properties":{"NAME":"Aitutaki","name_ko":"아이투타키","featurecla":"Island","min_label":6},"geometry":{"type":"Point","coordinates":[-159.790061,-18.8604065]}},{"type":"Feature","properties":{"NAME":"Palmerston","name_ko":"파머스턴 섬","featurecla":"Island","min_label":6},"geometry":{"type":"Point","coordinates":[-163.1714695,-18.070794499999998]}},{"type":"Feature","properties":{"NAME":"Tematagi","name_ko":"테마타기","featurecla":"Island","min_label":6},"geometry":{"type":"Point","coordinates":[-140.651143,-21.6843195]}},{"type":"Feature","properties":{"NAME":"I. Sala y Gómez","name_ko":"아일랜드 살라 이 고메즈","featurecla":"Island","min_label":4.7},"geometry":{"type":"Point","coordinates":[-105.466237,-26.457085499999998]}},{"type":"Feature","properties":{"NAME":"I. San Félix","name_ko":"아일랜드 산 펠릭스","featurecla":"Island","min_label":6},"geometry":{"type":"Point","coordinates":[-80.097615,-26.270135500000002]}},{"type":"Feature","properties":{"NAME":"Anaa","name_ko":"아나","featurecla":"Island","min_label":6},"geometry":{"type":"Point","coordinates":[-145.412923,-17.439813]}},{"type":"Feature","properties":{"NAME":"Tatakoto","name_ko":"타타코토","featurecla":"Island","min_label":6},"geometry":{"type":"Point","coordinates":[-138.444844,-17.335565]}},{"type":"Feature","properties":{"NAME":"Vostok","name_ko":"보스토크 섬","featurecla":"Island","min_label":6},"geometry":{"type":"Point","coordinates":[-152.37822649999998,-10.095940500000001]}},{"type":"Feature","properties":{"NAME":"Iwo Jima","name_ko":"이오섬","featurecla":"Island","min_label":6},"geometry":{"type":"Point","coordinates":[141.3144025,24.769812]}},{"type":"Feature","properties":{"NAME":"Nukuroro","name_ko":"누쿠로로","featurecla":"Island","min_label":6},"geometry":{"type":"Point","coordinates":[154.9422105,3.8525150000000004]}},{"type":"Feature","properties":{"NAME":"Oroluk","name_ko":"오로룩","featurecla":"Island","min_label":6},"geometry":{"type":"Point","coordinates":[155.1683455,7.632758]}},{"type":"Feature","properties":{"NAME":"Utirik","name_ko":"우티리크","featurecla":"Island","min_label":6},"geometry":{"type":"Point","coordinates":[169.851207,11.2423465]}},{"type":"Feature","properties":{"NAME":"Eniwetok","name_ko":"에니웨톡","featurecla":"Island","min_label":6},"geometry":{"type":"Point","coordinates":[162.3259385,11.4970765]}},{"type":"Feature","properties":{"NAME":"Huahine","name_ko":"후아히네","featurecla":"Island","min_label":6},"geometry":{"type":"Point","coordinates":[-151.009299,-16.7896055]}},{"type":"Feature","properties":{"NAME":"Eiao","name_ko":"아이아오","featurecla":"Island","min_label":6},"geometry":{"type":"Point","coordinates":[-140.683278,-7.9945005]}},{"type":"Feature","properties":{"NAME":"Aldabra I.","name_ko":"알다브라 아일랜드","featurecla":"Island","min_label":6},"geometry":{"type":"Point","coordinates":[46.36616050000001,-9.393792000000001]}},{"type":"Feature","properties":{"NAME":"Bora Bora","name_ko":"보라보라섬","featurecla":"Island","min_label":5.4},"geometry":{"type":"Point","coordinates":[-151.7658605,-16.4979795]}},{"type":"Feature","properties":{"NAME":"Rowley Shoals","name_ko":"롤리 숄즈","featurecla":"Island","min_label":6},"geometry":{"type":"Point","coordinates":[119.221263,-17.3712705]}},{"type":"Feature","properties":{"NAME":"Dahlak Arch.","name_ko":"달락 아커펠라고","featurecla":"Island group","min_label":6.7},"geometry":{"type":"Point","coordinates":[40.295848,15.8674075]}},{"type":"Feature","properties":{"NAME":"Arquipélago dos Bijagós","name_ko":"아르키펠라고 도스 비자고스","featurecla":"Island group","min_label":6},"geometry":{"type":"Point","coordinates":[-15.969990500000002,11.470922999999999]}},{"type":"Feature","properties":{"NAME":"Midway Is.","name_ko":"미드웨이 아일랜즈","featurecla":"Island group","min_label":6},"geometry":{"type":"Point","coordinates":[-177.3644625,28.205573]}},{"type":"Feature","properties":{"NAME":"Islas Desventuradas","name_ko":"이슬라스 데스벤투라다스","featurecla":"Island group","min_label":6},"geometry":{"type":"Point","coordinates":[-80.018666,-26.277093]}},{"type":"Feature","properties":{"NAME":"Islas Juan Fernandez","name_ko":"후안페르난데스 제도","featurecla":"Island group","min_label":6},"geometry":{"type":"Point","coordinates":[-79.72679600000001,-33.671075]}},{"type":"Feature","properties":{"NAME":"Chatham Islands","name_ko":"채텀 제도","featurecla":"Island group","min_label":6},"geometry":{"type":"Point","coordinates":[-176.5560825,-44.003228500000006]}},{"type":"Feature","properties":{"NAME":"îles Wallis","name_ko":"아일스 월리스","featurecla":"Island group","min_label":6},"geometry":{"type":"Point","coordinates":[-176.159415,-13.287896499999999]}},{"type":"Feature","properties":{"NAME":"Kermadec Islands","name_ko":"케르마덱 아일랜즈","featurecla":"Island group","min_label":6},"geometry":{"type":"Point","coordinates":[-177.9546115,-29.3117005]}},{"type":"Feature","properties":{"NAME":"TOKELAU","name_ko":"토켈라우","featurecla":"Island group","min_label":6},"geometry":{"type":"Point","coordinates":[-171.8393165,-8.924005000000001]}},{"type":"Feature","properties":{"NAME":"Truk","name_ko":"추크 제도","featurecla":"Island group","min_label":6},"geometry":{"type":"Point","coordinates":[151.7238875,7.3421085]}},{"type":"Feature","properties":{"NAME":"Lau Group","name_ko":"라우 그룹","featurecla":"Island group","min_label":6},"geometry":{"type":"Point","coordinates":[179.8180645,-18.9309625]}},{"type":"Feature","properties":{"NAME":"Yap Is.","name_ko":"얍 아일랜즈","featurecla":"Island group","min_label":6},"geometry":{"type":"Point","coordinates":[138.087535,9.4819095]}},{"type":"Feature","properties":{"NAME":"New Georgia Is.","name_ko":"뉴조지아섬","featurecla":"Island group","min_label":6},"geometry":{"type":"Point","coordinates":[157.35267149999999,-8.197992]}},{"type":"Feature","properties":{"NAME":"Louisiade Archipelago","name_ko":"루이지애드 아키펠라고","featurecla":"Island group","min_label":6},"geometry":{"type":"Point","coordinates":[153.4508775,-11.073968]}},{"type":"Feature","properties":{"NAME":"D’Entrecasteaux Islands","name_ko":"당트르카스토 제도","featurecla":"Island group","min_label":6},"geometry":{"type":"Point","coordinates":[150.6733505,-9.753778]}},{"type":"Feature","properties":{"NAME":"Îles Loyauté","name_ko":"일 로야테","featurecla":"Island group","min_label":6},"geometry":{"type":"Point","coordinates":[167.294078,-21.0522395]}},{"type":"Feature","properties":{"NAME":"Sakishima Is.","name_ko":"사키시마 아일랜즈","featurecla":"Island group","min_label":6},"geometry":{"type":"Point","coordinates":[124.274669,24.484320500000003]}},{"type":"Feature","properties":{"NAME":"Daitö Islands","name_ko":"다이토 제도","featurecla":"Island group","min_label":6},"geometry":{"type":"Point","coordinates":[131.3105575,25.3336855]}},{"type":"Feature","properties":{"NAME":"Paracel Islands","name_ko":"파라셀 제도","featurecla":"Island group","min_label":6},"geometry":{"type":"Point","coordinates":[112.1803085,16.303809]}},{"type":"Feature","properties":{"NAME":"Lau Group","name_ko":"라우 그룹","featurecla":"Island group","min_label":5.4},"geometry":{"type":"Point","coordinates":[-178.8569555,-18.97973]}},{"type":"Feature","properties":{"NAME":"PALAU IS.","name_ko":"팔라우 아일랜즈","featurecla":"Island group","min_label":5.4},"geometry":{"type":"Point","coordinates":[133.3697005,6.4449225000000006]}},{"type":"Feature","properties":{"NAME":"SANTA CRUZ ISLANDS","name_ko":"산타크루스 제도","featurecla":"Island group","min_label":5.4},"geometry":{"type":"Point","coordinates":[166.4482525,-10.8361755]}},{"type":"Feature","properties":{"NAME":"IZU-SHOTÖ","name_ko":"이즈-쇼토","featurecla":"Island group","min_label":5.4},"geometry":{"type":"Point","coordinates":[140.1088975,32.688666]}},{"type":"Feature","properties":{"NAME":"PHOENIX ISLANDS","name_ko":"피닉스 제도","featurecla":"Island group","min_label":5.4},"geometry":{"type":"Point","coordinates":[-172.70308599999998,-3.6942075]}},{"type":"Feature","properties":{"NAME":"ÎLES TUBUAÏ","name_ko":"일스 투부아","featurecla":"Island group","min_label":5.4},"geometry":{"type":"Point","coordinates":[-149.38692300000002,-23.168451]}},{"type":"Feature","properties":{"NAME":"VANUATU","name_ko":"바누아투","featurecla":"Island group","min_label":4.7},"geometry":{"type":"Point","coordinates":[168.1681625,-16.605462]}},{"type":"Feature","properties":{"NAME":"NOUVELLE-CALÉDONIE","name_ko":"누벨칼레도니","featurecla":"Island group","min_label":4.7},"geometry":{"type":"Point","coordinates":[164.08344549999998,-20.881952]}},{"type":"Feature","properties":{"NAME":"TUVALU","name_ko":"투발루","featurecla":"Island group","min_label":5.4},"geometry":{"type":"Point","coordinates":[177.7400005,-8.355584499999999]}},{"type":"Feature","properties":{"NAME":"MARIANA ISANDS","name_ko":"마리아나 제도","featurecla":"Island group","min_label":5.4},"geometry":{"type":"Point","coordinates":[145.43159,16.853766]}},{"type":"Feature","properties":{"NAME":"ÎLES GAMBIER","name_ko":"강비에 제도","featurecla":"Island group","min_label":5.4},"geometry":{"type":"Point","coordinates":[-135.9455155,-22.248101499999997]}},{"type":"Feature","properties":{"NAME":"ÎLES DE LA SOCIÉTÉ","name_ko":"소시에테 제도","featurecla":"Island group","min_label":4.7},"geometry":{"type":"Point","coordinates":[-151.73461,-16.861993]}},{"type":"Feature","properties":{"NAME":"ÎLES MARQUESAS","name_ko":"마르키즈 제도","featurecla":"Island group","min_label":5.4},"geometry":{"type":"Point","coordinates":[-139.6641435,-9.198663]}},{"type":"Feature","properties":{"NAME":"ARCHIPIÉLAGO DE COLÓN","name_ko":"갈라파고스 제도","featurecla":"Island group","min_label":4},"geometry":{"type":"Point","coordinates":[-90.56664,-0.3840875]}},{"type":"Feature","properties":{"NAME":"Urup","name_ko":"우루프섬","featurecla":"Island group","min_label":5.4},"geometry":{"type":"Point","coordinates":[150.0019635,45.901495499999996]}},{"type":"Feature","properties":{"NAME":"Iturup","name_ko":"이투루프섬","featurecla":"Island group","min_label":5.4},"geometry":{"type":"Point","coordinates":[147.84608,44.9658265]}},{"type":"Feature","properties":{"NAME":"SAMOA IS.","name_ko":"사모아 제도","featurecla":"Island group","min_label":5.4},"geometry":{"type":"Point","coordinates":[-170.5609655,-13.982721000000002]}},{"type":"Feature","properties":{"NAME":"Bonaparte","name_ko":"보나파르트","featurecla":"Island group","min_label":5.4},"geometry":{"type":"Point","coordinates":[124.809703,-14.8784725]}},{"type":"Feature","properties":{"NAME":"Whitsunday Group","name_ko":"위트선데이섬","featurecla":"Island group","min_label":6},"geometry":{"type":"Point","coordinates":[149.003673,-20.2960755]}},{"type":"Feature","properties":{"NAME":"Aru Islands","name_ko":"아루 아일랜즈","featurecla":"Island group","min_label":5.4},"geometry":{"type":"Point","coordinates":[134.460643,-6.161981]}},{"type":"Feature","properties":{"NAME":"Tanimbar Islands","name_ko":"타님바르 아일랜즈","featurecla":"Island group","min_label":5.4},"geometry":{"type":"Point","coordinates":[131.367198,-7.503778]}},{"type":"Feature","properties":{"NAME":"Sangihe Islands","name_ko":"산이허 아일랜즈","featurecla":"Island group","min_label":5.4},"geometry":{"type":"Point","coordinates":[125.4340315,3.0170655]}},{"type":"Feature","properties":{"NAME":"Riau Arch.","name_ko":"리아우 아커펠라고","featurecla":"Island group","min_label":5.4},"geometry":{"type":"Point","coordinates":[104.062938,0.9103760000000001]}},{"type":"Feature","properties":{"NAME":"Batu Is.","name_ko":"바투 아일랜드","featurecla":"Island group","min_label":5.4},"geometry":{"type":"Point","coordinates":[98.39362650000001,-0.413995]}},{"type":"Feature","properties":{"NAME":"Batu Is.","name_ko":"바투 아일랜드","featurecla":"Island group","min_label":5.4},"geometry":{"type":"Point","coordinates":[98.427501,-0.1841365]}},{"type":"Feature","properties":{"NAME":"Calamian Group","name_ko":"칼라미안 제도","featurecla":"Island group","min_label":5.4},"geometry":{"type":"Point","coordinates":[120.081126,12.019262999999999]}},{"type":"Feature","properties":{"NAME":"Babuyan Is.","name_ko":"바부얀 아일랜드","featurecla":"Island group","min_label":5.4},"geometry":{"type":"Point","coordinates":[121.690013,19.834357]}},{"type":"Feature","properties":{"NAME":"Oki Is.","name_ko":"오키 제도","featurecla":"Island group","min_label":6},"geometry":{"type":"Point","coordinates":[133.18238350000001,36.1633975]}},{"type":"Feature","properties":{"NAME":"Shantar Islands","name_ko":"샨타르스키예 제도","featurecla":"Island group","min_label":5.4},"geometry":{"type":"Point","coordinates":[137.47736650000002,54.8052435]}},{"type":"Feature","properties":{"NAME":"Commander Islands","name_ko":"코만도르스키예 제도","featurecla":"Island group","min_label":5.4},"geometry":{"type":"Point","coordinates":[166.960826,54.893469499999995]}},{"type":"Feature","properties":{"NAME":"Bear Is.","name_ko":"베어 아일랜드","featurecla":"Island group","min_label":5.4},"geometry":{"type":"Point","coordinates":[161.4508165,70.77396250000001]}},{"type":"Feature","properties":{"NAME":"Lyakhov Islands","name_ko":"랴호프 아일랜즈","featurecla":"Island group","min_label":5.4},"geometry":{"type":"Point","coordinates":[141.5947375,73.567603]}},{"type":"Feature","properties":{"NAME":"Lyakhov Islands","name_ko":"랴호프 아일랜즈","featurecla":"Island group","min_label":5.4},"geometry":{"type":"Point","coordinates":[140.5978495,74.093634]}},{"type":"Feature","properties":{"NAME":"Auckland Islands","name_ko":"오클랜드 제도","featurecla":"Island group","min_label":5.4},"geometry":{"type":"Point","coordinates":[166.0941265,-50.715997]}},{"type":"Feature","properties":{"NAME":"Ionian Is.","name_ko":"이오니아 제도","featurecla":"Island group","min_label":5.4},"geometry":{"type":"Point","coordinates":[20.289561499999998,38.714941499999995]}},{"type":"Feature","properties":{"NAME":"Outer Hebrides","name_ko":"아우터헤브리디스","featurecla":"Island group","min_label":5.4},"geometry":{"type":"Point","coordinates":[-6.896169,57.729926]}},{"type":"Feature","properties":{"NAME":"Orkney Is.","name_ko":"오크니 제도","featurecla":"Island group","min_label":5.4},"geometry":{"type":"Point","coordinates":[-2.909047,59.0831055]}},{"type":"Feature","properties":{"NAME":"Føroyar","name_ko":"페로 제도","featurecla":"Island group","min_label":5.4},"geometry":{"type":"Point","coordinates":[-6.95345,61.8745485]}},{"type":"Feature","properties":{"NAME":"Shetland Is.","name_ko":"셰틀랜드 제도","featurecla":"Island group","min_label":5.4},"geometry":{"type":"Point","coordinates":[-1.2282605,60.1059025]}},{"type":"Feature","properties":{"NAME":"Cyclades","name_ko":"키클라데스 제도","featurecla":"Island group","min_label":5.4},"geometry":{"type":"Point","coordinates":[25.0321765,37.103278]}},{"type":"Feature","properties":{"NAME":"Frisian Is.","name_ko":"프리지안 아일랜드","featurecla":"Island group","min_label":6},"geometry":{"type":"Point","coordinates":[6.316661,53.458472]}},{"type":"Feature","properties":{"NAME":"Belcher Islands","name_ko":"벨처 아일랜즈","featurecla":"Island group","min_label":5.4},"geometry":{"type":"Point","coordinates":[-79.3577165,56.3447635]}},{"type":"Feature","properties":{"NAME":"KURIL ISLANDS","name_ko":"쿠릴 열도","featurecla":"Island group","min_label":5.3},"geometry":{"type":"Point","coordinates":[150.9701035,47.292029]}},{"type":"Feature","properties":{"NAME":"FIJI","name_ko":"피지","featurecla":"Island group","min_label":5.3},"geometry":{"type":"Point","coordinates":[0.00007050000000674572,-16.509698]}},{"type":"Feature","properties":{"NAME":"TONGA ISLANDS","name_ko":"통가 아일랜즈","featurecla":"Island group","min_label":5.3},"geometry":{"type":"Point","coordinates":[-174.88878499999998,-19.2863705]}},{"type":"Feature","properties":{"NAME":"RATAK CHAIN","name_ko":"라타크 열도","featurecla":"Island group","min_label":5.3},"geometry":{"type":"Point","coordinates":[170.55274500000002,10.2920905]}},{"type":"Feature","properties":{"NAME":"RALIK CHAIN","name_ko":"랄리크 열도","featurecla":"Island group","min_label":5.3},"geometry":{"type":"Point","coordinates":[165.960033,8.262945499999999]}},{"type":"Feature","properties":{"NAME":"NAMPÖ-SHOTÖ","name_ko":"남페-쇼퇴","featurecla":"Island group","min_label":5.3},"geometry":{"type":"Point","coordinates":[140.80811599999998,29.2518375]}},{"type":"Feature","properties":{"NAME":"SOUTHERN COOK ISLANDS","name_ko":"사우던 쿡 아일랜즈","featurecla":"Island group","min_label":5.3},"geometry":{"type":"Point","coordinates":[-160.4318455,-19.936639]}},{"type":"Feature","properties":{"NAME":"NORTHERN COOK ISLANDS","name_ko":"노던 쿡 아일랜즈","featurecla":"Island group","min_label":5.3},"geometry":{"type":"Point","coordinates":[-161.678397,-11.266473000000001]}},{"type":"Feature","properties":{"NAME":"New Ireland","name_ko":"뉴아일랜드섬","featurecla":"Island group","min_label":5.3},"geometry":{"type":"Point","coordinates":[151.937938,-3.7008605]}},{"type":"Feature","properties":{"NAME":"San Cristobal","name_ko":"마키라섬","featurecla":"Island group","min_label":5.3},"geometry":{"type":"Point","coordinates":[161.83655850000002,-10.5214165]}},{"type":"Feature","properties":{"NAME":"Santa Isabel","name_ko":"산타이사벨섬","featurecla":"Island group","min_label":5.3},"geometry":{"type":"Point","coordinates":[159.17249600000002,-8.046075]}},{"type":"Feature","properties":{"NAME":"Malakula","name_ko":"말레쿨라섬","featurecla":"Island group","min_label":5.3},"geometry":{"type":"Point","coordinates":[167.4939685,-16.226128499999998]}},{"type":"Feature","properties":{"NAME":"Santa Cruz","name_ko":"산타크루스섬","featurecla":"Island group","min_label":5.3},"geometry":{"type":"Point","coordinates":[-90.36354499999999,-0.6301815]}},{"type":"Feature","properties":{"NAME":"Savai‘i","name_ko":"사바이이 섬","featurecla":"Island group","min_label":5.3},"geometry":{"type":"Point","coordinates":[-172.47926999999999,-13.632928]}},{"type":"Feature","properties":{"NAME":"Raiatea","name_ko":"라이아테아","featurecla":"Island group","min_label":4.7},"geometry":{"type":"Point","coordinates":[-151.423758,-16.818413999999997]}},{"type":"Feature","properties":{"NAME":"Hiva Oa","name_ko":"히바 오아","featurecla":"Island group","min_label":5.3},"geometry":{"type":"Point","coordinates":[-138.993794,-9.773430999999999]}},{"type":"Feature","properties":{"NAME":"Nuku Hiva","name_ko":"누쿠 히바","featurecla":"Island group","min_label":5.3},"geometry":{"type":"Point","coordinates":[-140.1377155,-8.866204499999998]}},{"type":"Feature","properties":{"NAME":"Kiritimati","name_ko":"키리티마티섬","featurecla":"Island group","min_label":5.3},"geometry":{"type":"Point","coordinates":[-157.378043,1.873084]}},{"type":"Feature","properties":{"NAME":"O‘ahu","name_ko":"오아후섬","featurecla":"Island group","min_label":5.3},"geometry":{"type":"Point","coordinates":[-157.9562595,21.4909125]}},{"type":"Feature","properties":{"NAME":"Kaua‘i","name_ko":"카우아이섬","featurecla":"Island group","min_label":5.3},"geometry":{"type":"Point","coordinates":[-159.5439975,22.056769]}},{"type":"Feature","properties":{"NAME":"Vanua Levu","name_ko":"바누아레부섬","featurecla":"Island group","min_label":5.3},"geometry":{"type":"Point","coordinates":[179.239024,-16.576898]}},{"type":"Feature","properties":{"NAME":"Guam","name_ko":"괌","featurecla":"Island group","min_label":5.3},"geometry":{"type":"Point","coordinates":[144.78803549999998,13.448737]}},{"type":"Feature","properties":{"NAME":"Paramushir","name_ko":"파라무시르 섬","featurecla":"Island group","min_label":5.3},"geometry":{"type":"Point","coordinates":[155.672923,50.389868500000006]}},{"type":"Feature","properties":{"NAME":"Okinawa","name_ko":"오키나와섬","featurecla":"Island group","min_label":5.3},"geometry":{"type":"Point","coordinates":[127.986644,26.4864875]}},{"type":"Feature","properties":{"NAME":"Amami","name_ko":"아마미오섬","featurecla":"Island group","min_label":5.3},"geometry":{"type":"Point","coordinates":[129.433482,28.3159245]}},{"type":"Feature","properties":{"NAME":"Sulu Archipelago","name_ko":"술루 제도","featurecla":"Island group","min_label":5.3},"geometry":{"type":"Point","coordinates":[120.9019275,5.697272]}},{"type":"Feature","properties":{"NAME":"ILHAS DE CABO VERDE","name_ko":"카보베르데","featurecla":"Island group","min_label":4.7},"geometry":{"type":"Point","coordinates":[-23.9339495,15.882849499999999]}},{"type":"Feature","properties":{"NAME":"ISLAS CANARIAS","name_ko":"카나리아 제도","featurecla":"Island group","min_label":4},"geometry":{"type":"Point","coordinates":[-15.804646,28.465949000000002]}},{"type":"Feature","properties":{"NAME":"Haida Gwaii","name_ko":"하이다과이","featurecla":"Island group","min_label":5.3},"geometry":{"type":"Point","coordinates":[-132.0666095,53.069312]}},{"type":"Feature","properties":{"NAME":"Alexander Archipelago","name_ko":"알렉산더 제도","featurecla":"Island group","min_label":5.3},"geometry":{"type":"Point","coordinates":[-133.644948,56.5266785]}},{"type":"Feature","properties":{"NAME":"Channel Islands","name_ko":"채널 제도","featurecla":"Island group","min_label":5.3},"geometry":{"type":"Point","coordinates":[-119.4022415,33.4511785]}},{"type":"Feature","properties":{"NAME":"Virgin Is.","name_ko":"버진 아일랜즈","featurecla":"Island group","min_label":5.3},"geometry":{"type":"Point","coordinates":[-64.638875,18.50672]}},{"type":"Feature","properties":{"NAME":"Espiritu Santo","name_ko":"에스피리투산토섬","featurecla":"Island group","min_label":5},"geometry":{"type":"Point","coordinates":[166.8847765,-15.1405575]}},{"type":"Feature","properties":{"NAME":"SOLOMON ISANDS","name_ko":"솔로몬 아일랜즈","featurecla":"Island group","min_label":4},"geometry":{"type":"Point","coordinates":[160.98646050000002,-8.6791315]}},{"type":"Feature","properties":{"NAME":"MARSHALL ISLANDS","name_ko":"마셜 제도","featurecla":"Island group","min_label":4},"geometry":{"type":"Point","coordinates":[167.1941635,9.171179500000001]}},{"type":"Feature","properties":{"NAME":"RYÜKYÜ ISLANDS","name_ko":"류큐 제도","featurecla":"Island group","min_label":5},"geometry":{"type":"Point","coordinates":[127.2531845,27.492499000000002]}},{"type":"Feature","properties":{"NAME":"ARCHIPEL DES TUAMOTU","name_ko":"투아모투 제도","featurecla":"Island group","min_label":5},"geometry":{"type":"Point","coordinates":[-142.5472925,-18.1592345]}},{"type":"Feature","properties":{"NAME":"Bismarck Archipelago","name_ko":"비스마르크 제도","featurecla":"Island group","min_label":5},"geometry":{"type":"Point","coordinates":[148.7910875,-3.767755]}},{"type":"Feature","properties":{"NAME":"Bougainville","name_ko":"부건빌섬","featurecla":"Island group","min_label":5},"geometry":{"type":"Point","coordinates":[155.3328355,-6.1505675]}},{"type":"Feature","properties":{"NAME":"Guadalcanal","name_ko":"과달카날섬","featurecla":"Island group","min_label":5},"geometry":{"type":"Point","coordinates":[160.209117,-9.5911805]}},{"type":"Feature","properties":{"NAME":"Isabela","name_ko":"이사벨라섬","featurecla":"Island group","min_label":5.4},"geometry":{"type":"Point","coordinates":[-91.199208,-0.43697450000000004]}},{"type":"Feature","properties":{"NAME":"Tahiti","name_ko":"타히티섬","featurecla":"Island group","min_label":4},"geometry":{"type":"Point","coordinates":[-149.39577350000002,-17.6804135]}},{"type":"Feature","properties":{"NAME":"Maui","name_ko":"마우이섬","featurecla":"Island group","min_label":4},"geometry":{"type":"Point","coordinates":[-156.347556,20.8227295]}},{"type":"Feature","properties":{"NAME":"Viti Levu","name_ko":"비치레부섬","featurecla":"Island group","min_label":4},"geometry":{"type":"Point","coordinates":[177.9813945,-17.785638]}},{"type":"Feature","properties":{"NAME":"MASCARENE ISLANDS","name_ko":"마스카렌 제도","featurecla":"Island group","min_label":4},"geometry":{"type":"Point","coordinates":[61.1626695,-20.283502]}},{"type":"Feature","properties":{"NAME":"ARCHIPEL DES COMORES","name_ko":"아르키펠 데 코모레스","featurecla":"Island group","min_label":4},"geometry":{"type":"Point","coordinates":[44.3660385,-12.447381499999999]}},{"type":"Feature","properties":{"NAME":"SEYCHELLES","name_ko":"세이셸","featurecla":"Island group","min_label":3.7},"geometry":{"type":"Point","coordinates":[51.6376445,-7.1821835]}},{"type":"Feature","properties":{"NAME":"Myeik Arch.","name_ko":"미익 아커펠라고","featurecla":"Island group","min_label":5.3},"geometry":{"type":"Point","coordinates":[98.028453,11.297705]}},{"type":"Feature","properties":{"NAME":"SEVERNAYA ZEMLYA","name_ko":"세베르나야제믈랴 제도","featurecla":"Island group","min_label":4},"geometry":{"type":"Point","coordinates":[97.52790350000001,80.0106875]}},{"type":"Feature","properties":{"NAME":"FALKLAND IS.","name_ko":"포클랜드 아일랜즈","featurecla":"Island group","min_label":4},"geometry":{"type":"Point","coordinates":[-59.552815499999994,-51.778131]}},{"type":"Feature","properties":{"NAME":"SVALBARD","name_ko":"스발바르 제도","featurecla":"Island group","min_label":4},"geometry":{"type":"Point","coordinates":[23.593028,77.66968399999999]}},{"type":"Feature","properties":{"NAME":"FRANZ JOSEF LAND","name_ko":"제믈랴프란차이오시파 제도","featurecla":"Island group","min_label":4},"geometry":{"type":"Point","coordinates":[55.184642000000004,80.8077455]}},{"type":"Feature","properties":{"NAME":"NOVAYA ZEMLYA","name_ko":"노바야제믈랴 제도","featurecla":"Island group","min_label":4},"geometry":{"type":"Point","coordinates":[60.1319075,73.793097]}},{"type":"Feature","properties":{"NAME":"Balearic Islands","name_ko":"발레아레스 제도","featurecla":"Island group","min_label":4},"geometry":{"type":"Point","coordinates":[2.8053695000000003,39.3527285]}},{"type":"Feature","properties":{"NAME":"LESSER SUNDA ISLANDS","name_ko":"소순다 열도","featurecla":"Island group","min_label":4},"geometry":{"type":"Point","coordinates":[120.953502,-8.992059]}},{"type":"Feature","properties":{"NAME":"Spratly Islands","name_ko":"스프래틀리 군도","featurecla":"Island group","min_label":5},"geometry":{"type":"Point","coordinates":[114.8762925,9.6072755]}},{"type":"Feature","properties":{"NAME":"NEW SIBERIAN ISLANDS","name_ko":"노보시비르스크 제도","featurecla":"Island group","min_label":4},"geometry":{"type":"Point","coordinates":[143.582225,74.712958]}},{"type":"Feature","properties":{"NAME":"GREATER ANTILLES","name_ko":"대앤틸리스 제도","featurecla":"Island group","min_label":4},"geometry":{"type":"Point","coordinates":[-75.171681,20.3949955]}},{"type":"Feature","properties":{"NAME":"BAHAMA ISLANDS","name_ko":"바하마 아일랜즈","featurecla":"Island group","min_label":4.7},"geometry":{"type":"Point","coordinates":[-75.721547,23.8488225]}},{"type":"Feature","properties":{"NAME":"LESSER ANTILLES","name_ko":"소앤틸리스 제도","featurecla":"Island group","min_label":4},"geometry":{"type":"Point","coordinates":[-64.8024185,14.528845500000001]}},{"type":"Feature","properties":{"NAME":"PARRY ISLANDS","name_ko":"패리 아일랜즈","featurecla":"Island group","min_label":4},"geometry":{"type":"Point","coordinates":[-114.213765,76.5187135]}},{"type":"Feature","properties":{"NAME":"ANDAMAN ISLANDS","name_ko":"안다만 제도","featurecla":"Island group","min_label":4},"geometry":{"type":"Point","coordinates":[92.58051599999999,12.143439]}},{"type":"Feature","properties":{"NAME":"NICOBAR ISLANDS","name_ko":"니코바르 제도","featurecla":"Island group","min_label":5},"geometry":{"type":"Point","coordinates":[93.36817500000001,7.89762]}},{"type":"Feature","properties":{"NAME":"MOLUCCAS","name_ko":"말루쿠 제도","featurecla":"Island group","min_label":3.5},"geometry":{"type":"Point","coordinates":[129.957286,-2.8394099999999995]}},{"type":"Feature","properties":{"NAME":"ALEUTIAN ISLANDS","name_ko":"알류샨 열도","featurecla":"Island group","min_label":3.5},"geometry":{"type":"Point","coordinates":[0.002457000000006815,53.311966999999996]}},{"type":"Feature","properties":{"NAME":"WEST INDIES","name_ko":"서인도 제도","featurecla":"Island group","min_label":2},"geometry":{"type":"Point","coordinates":[-72.24046799999999,18.592139]}},{"type":"Feature","properties":{"NAME":"QUEEN ELIZABETH ISLANDS","name_ko":"퀸엘리자베스 제도","featurecla":"Island group","min_label":3.5},"geometry":{"type":"Point","coordinates":[-92.110463,78.7147895]}},{"type":"Feature","properties":{"NAME":"KIRIBATI","name_ko":"키리바시","featurecla":"Island group","min_label":3},"geometry":{"type":"Point","coordinates":[0.00009599999999920783,-2.8621760000000003]}},{"type":"Feature","properties":{"NAME":"HAWAIIAN ISLANDS","name_ko":"하와이 제도","featurecla":"Island group","min_label":3},"geometry":{"type":"Point","coordinates":[-166.72850699999998,23.86933]}},{"type":"Feature","properties":{"NAME":"LINE ISLANDS","name_ko":"라인 제도","featurecla":"Island group","min_label":3},"geometry":{"type":"Point","coordinates":[-156.264457,-3.292596]}},{"type":"Feature","properties":{"NAME":"CAROLINE ISLANDS","name_ko":"캐롤라인 제도","featurecla":"Island group","min_label":4},"geometry":{"type":"Point","coordinates":[147.7758285,5.1720645]}},{"type":"Feature","properties":{"NAME":"NEW BRITAIN","name_ko":"뉴브리튼섬","featurecla":"Island group","min_label":4},"geometry":{"type":"Point","coordinates":[150.3711045,-5.2306455]}},{"type":"Feature","properties":{"NAME":"Hawai‘i","name_ko":"하와이섬","featurecla":"Island group","min_label":3},"geometry":{"type":"Point","coordinates":[-155.423087,19.605688999999998]}},{"type":"Feature","properties":{"NAME":"GREATER SUNDA ISLANDS","name_ko":"대순다 열도","featurecla":"Island group","min_label":4},"geometry":{"type":"Point","coordinates":[110.065013,-0.8807309999999999]}},{"type":"Feature","properties":{"NAME":"PHILIPPINES","name_ko":"필리핀","featurecla":"Island group","min_label":2},"geometry":{"type":"Point","coordinates":[122.005931,12.7534245]}},{"type":"Feature","properties":{"NAME":"JAPAN","name_ko":"일본","featurecla":"Island group","min_label":2},"geometry":{"type":"Point","coordinates":[137.15919000000002,37.6954105]}},{"type":"Feature","properties":{"NAME":"ARCTIC ARCHIPELAGO","name_ko":"북극 제도","featurecla":"Island group","min_label":2},"geometry":{"type":"Point","coordinates":[-93.3127945,71.9999455]}},{"type":"Feature","properties":{"NAME":"MELANESIA","name_ko":"멜라네시아","featurecla":"Island group","min_label":3},"geometry":{"type":"Point","coordinates":[0.012149500000006697,-13.353784]}},{"type":"Feature","properties":{"NAME":"MICRONESIA","name_ko":"미크로네시아","featurecla":"Island group","min_label":3},"geometry":{"type":"Point","coordinates":[154.945872,8.4414435]}},{"type":"Feature","properties":{"NAME":"POLYNESIA","name_ko":"폴리네시아","featurecla":"Island group","min_label":2},"geometry":{"type":"Point","coordinates":[-0.00005550000000198452,-11.493645999999998]}},{"type":"Feature","properties":{"NAME":"Balleny Islands","name_ko":"발레니 아일랜즈","featurecla":"Island group","min_label":6},"geometry":{"type":"Point","coordinates":[163.593761,-66.93749550000001]}},{"type":"Feature","properties":{"NAME":"South Shetland Islands","name_ko":"사우스셰틀랜드 제도","featurecla":"Island group","min_label":5.3},"geometry":{"type":"Point","coordinates":[-58.177052,-62.05212]}},{"type":"Feature","properties":{"NAME":"Îles Kerguelen","name_ko":"케르겔렌 제도","featurecla":"Island group","min_label":5.4},"geometry":{"type":"Point","coordinates":[69.63026,-49.119744999999995]}},{"type":"Feature","properties":{"NAME":"Chagos Archipelago","name_ko":"차고스 제도","featurecla":"Island group","min_label":5.4},"geometry":{"type":"Point","coordinates":[71.914073,-6.2655575]}},{"type":"Feature","properties":{"NAME":"Maldive Islands","name_ko":"몰디브 아일랜즈","featurecla":"Island group","min_label":5.4},"geometry":{"type":"Point","coordinates":[73.218883,3.1810669999999996]}},{"type":"Feature","properties":{"NAME":"Îles Crozet","name_ko":"크로제 제도","featurecla":"Island group","min_label":6},"geometry":{"type":"Point","coordinates":[51.005626,-46.2210625]}},{"type":"Feature","properties":{"NAME":"Prince Edward Islands","name_ko":"프린스에드워드 제도","featurecla":"Island group","min_label":5.7},"geometry":{"type":"Point","coordinates":[37.8066515,-46.748407]}},{"type":"Feature","properties":{"NAME":"South Orkney Islands","name_ko":"사우스오크니 제도","featurecla":"Island group","min_label":5.4},"geometry":{"type":"Point","coordinates":[-45.2395825,-60.6249335]}},{"type":"Feature","properties":{"NAME":"South Sandwich Islands","name_ko":"사우스 샌드위치 아일랜즈","featurecla":"Island group","min_label":6},"geometry":{"type":"Point","coordinates":[-27.1491285,-57.9068545]}},{"type":"Feature","properties":{"NAME":"Marshall Archipelago","name_ko":"마샬 아커펠라고","featurecla":"Island group","min_label":6},"geometry":{"type":"Point","coordinates":[-148.87685199999999,-76.9980425]}},{"type":"Feature","properties":{"NAME":"Biscoe Islands","name_ko":"비스코 아일랜즈","featurecla":"Island group","min_label":6},"geometry":{"type":"Point","coordinates":[-66.333302,-65.9583075]}},{"type":"Feature","properties":{"NAME":"Laccadive Islands","name_ko":"라카디브 아일랜즈","featurecla":"Island group","min_label":5.4},"geometry":{"type":"Point","coordinates":[72.8936875,9.982244999999999]}},{"type":"Feature","properties":{"NAME":"MALAY ARCHIPELAGO","name_ko":"말레이 제도","featurecla":"Island group","min_label":3},"geometry":{"type":"Point","coordinates":[111.66293150000001,4.9657979999999995]}},{"type":"Feature","properties":{"NAME":"BRITISH ISLES","name_ko":"브리튼 제도","featurecla":"Island group","min_label":2},"geometry":{"type":"Point","coordinates":[-4.321824,54.684259]}},{"type":"Feature","properties":{"NAME":"Null Island","name_ko":"널 아일랜드","featurecla":"Dragons-be-here","min_label":6},"geometry":{"type":"Point","coordinates":[0,5.000000000000003e-7]}},{"type":"Feature","properties":{"NAME":"NEW ZEALAND","name_ko":"뉴질랜드","featurecla":"Island group","min_label":2},"geometry":{"type":"Point","coordinates":[172.327647,-40.866631999999996]}},{"type":"Feature","properties":{"NAME":"Is. Revillagigedo","name_ko":"레비야히헤도 제도","featurecla":"Island group","min_label":5.7},"geometry":{"type":"Point","coordinates":[-113.033803,18.668921500000003]}},{"type":"Feature","properties":{"NAME":"Ösumi Is.","name_ko":"오스미 제도","featurecla":"Island group","min_label":6},"geometry":{"type":"Point","coordinates":[130.574901,30.504645]}},{"type":"Feature","properties":{"NAME":"Talaud Is.","name_ko":"탈라우드 아일랜즈","featurecla":"Island group","min_label":5.4},"geometry":{"type":"Point","coordinates":[126.7790025,4.1539675]}},{"type":"Feature","properties":{"NAME":"AÇORES","name_ko":"아소르스 제도","featurecla":"Island group","min_label":4},"geometry":{"type":"Point","coordinates":[-27.869648499999997,38.524573000000004]}}]}